;;apartado;armenia;barranquilla;bogota;bucaramanga;cali;cartagena;cucuta;envigado;ibague;manizales;medellin;monteria;neiva;pasto;pereira;sabaneta;santamarta;villavicencio;apartado;armenia;barranquilla;bogota;bucaramanga;cali;cartagena;cucuta;envigado;ibague;manizales;medellin;monteria;neiva;pasto;pereira;sabaneta;santamarta;villavicencio;apartado;armenia;barranquilla;bogota;bucaramanga;cali;cartagena;cucuta;envigado;ibague;manizales;medellin;monteria;neiva;pasto;pereira;sabaneta;santamarta;villavicencio;apartado;armenia;barranquilla;bogota;bucaramanga;cali;cartagena;cucuta;envigado;ibague;manizales;medellin;monteria;neiva;pasto;pereira;sabaneta;santamarta;villavicencio;apartado;armenia;barranquilla;bogota;bucaramanga;cali;cartagena;cucuta;envigado;ibague;manizales;medellin;monteria;neiva;pasto;pereira;sabaneta;santamarta;villavicencio;apartado;armenia;barranquilla;bogota;bucaramanga;cali;cartagena;cucuta;envigado;ibague;manizales;medellin;monteria;neiva;pasto;pereira;sabaneta;santamarta;villavicencio;apartado;armenia;barranquilla;bogota;bucaramanga;cali;cartagena;cucuta;envigado;ibague;manizales;medellin;monteria;neiva;pasto;pereira;sabaneta;santamarta;villavicencio
producto;sku;exito;exito1; exito2;exito3;exito4;exito5; exito6; exito7; exito8; exito9; exito10; exito11; exito12; exito13; exito14; exito15; exito16; exito17; exito18;olimpica;olimpica1;olimpica2;olimpica3;olimpica4;olimpica5;olimpica6;olimpica7;olimpica8;olimpica9;olimpica10;olimpica11;olimpica12;olimpica13;olimpica14;olimpica15;olimpica16;olimpica17;olimpica18;carrefour;carrefour1;carrefour2;carrefour3;carrefour4;carrefour5;carrefour6;carrefour7;carrefour8;carrefour9;carrefour10;carrefour11;carrefour12;carrefour13;carrefour14;carrefour15;carrefour16;carrefour17;carrefour18;carulla;carulla1;carulla2;carulla3;carulla4;carulla5;carulla6;carulla7;carulla8;carulla9;carulla10;carulla11;carulla12;carulla13;carulla14;carulla15;carulla16;carulla17;carulla18;distribuidores;distribuidores1;distribuidores2;distribuidores3;distribuidores4;distribuidores5;distribuidores6;distribuidores7;distribuidores8;distribuidores9;distribuidores10;distribuidores11;distribuidores12;distribuidores13;distribuidores14;distribuidores15;distribuidores16;distribuidores17;distribuidores18;global;global1;global2;global3;global4;global5;global6;global7;global8;global9;global10;global11;global12;global13;global14;global15;global16;global17;global18;la14;la141;la142;la143;la144;la145;la146;la147;la148;la149;la1410;la1411;la1412;la1413;la1414;la1415;la1416;la1417;la1418
Aceite De Ajonjoli Y Soya LEE KUM KEE 207 ml;;Éxito Apartado Calle 103 con cra 100;Éxito Unicentro Armenia Carrera 14  #  14 - 34   Centro Comercial Unicentro;"Cedi Barranquilla Parque Industrial Malambo PIMSA, Km 3 Via MalamboÉxito Barranquilla San Blas Cra 41 # 36 - 81 EsquinaÉxito Buenavista Barranquilla Cra 98 con Cra 52 EsquinaÉxito Murillo Barranquilla Calle 45 Cra 27 EsquinaÉxito Panorama Barranquilla Calle 31 # 6 B 135Éxito Americas Av De Las Americas # 68 A - 94Éxito Calle 80 Cra 59 A # 79-30Éxito Country Calle 134 # 9-51Éxito Floresta Cr68 90-88 Éxito Gran Estacion Av La Esperanza # 62 - 49 Éxito Colina Av Boyaca Cra 72 #146 A 25Éxito Niza Cl 120 60-31Éxito Norte Calle 175 - 22 - 13Éxito Nuevo Kennedy Cr78 K 37 A-53 Sur Éxito  Salitre Cra 68 B # 40 A - 60 Éxito San Martin Cra 7 # 32 - 84 LC 201 y 60Éxito Unicentro Bogota Cra 15 # 123 - 30 Local 1 - 233Éxito Usme Cra 1 # 65 d Sur -58";"Cedi Montevideo Bogota CR 68 D No 21 - 35Éxito Americas Av De Las Americas # 68 A - 94Éxito Calle 80 Cra 59 A # 79-30Éxito Country Calle 134 # 9-51Éxito Floresta Cr68 90-88 Éxito Gran Estacion Av La Esperanza # 62 - 49 Éxito Colina Av Boyaca Cra 72 #146 A 25Éxito Niza Cl 120 60-31Éxito Norte Calle 175 - 22 - 13Éxito Nuevo Kennedy Cr78 K 37 A-53 Sur Éxito  Salitre Cra 68 B # 40 A - 60 Éxito San Martin Cra 7 # 32 - 84 LC 201 y 60Éxito Unicentro Bogota Cra 15 # 123 - 30 Local 1 - 233Éxito Usme Cra 1 # 65 d Sur -58";"Éxito Oriental Bucaramanga Transversal - Oriental # 92 - 218Éxito Bucaramanga Cra 17 # 45 - 56 ";"Éxito Unicali Centro Comercial Unicentro Local 244. Cra 100 # 5 - 169Cedi Zona Cali CR 4 NORTE No 55-51Éxito Chipichape Av 6 Norte # 38 - 47 Éxito La Flora Av 3 F Norte # 52 N 46Éxito San Fernando Calle 5 # 38 D 35 ";Éxito San Diego Cartagena Calle la Serrezuela # 10 - 85 San Diego;Éxito San Mateo Cucuta Avenida Demetrio Mendoza Diagonal Santander;"Cedi Vegas Medellin CL 44 SUR No 48-90Éxito Envigado Cra 48 # 34 Sur 29";Éxito Ibague Cra 5 # 80 - 60;"Éxito Manizales Cra 20 # 34 - 18 Cento Comercial FundadoresÉxito San Cancio Calle 66, Carrera 28 Esquina, Centro Comercial SanCancio";"Éxito Colombia Cra 66 # 49 01 Éxito Del Este Cra 25 # 3 - 01 Mall Del EsteÉxito Laureles Cra 81 # 37 - 100Éxito Poblado Calle 10 # 43 E  135Éxito San Antonio Calle 48 # 46 - 115Éxito San Diego Calle 34 # 43 - 65 Éxito Unicentro Medellin Cra 66 A # 34 A 25";"Éxito Alamedas Del Sinu Monteria Calle 48 Con Cra 13 y 14 Centro Comercial Alamedas Del SinuÉxito Monteria Cra 2 A # 35 - 43";Éxito San Pedro Neiva Cr8 A 38-42 ;Éxito Pasto Carrera 22 D # 2 - 57 Avenida Panamericana;"Éxito Parque Arboleda Éxito Pereira Cra 10 # 14 - 7 ";Éxito Sabaneta Cra 45 # 4  Sur - 57 ;Éxito Buenavista Santa Marta Calle 32 # 29 A 500;"Éxito Villavicencio Calle 7 A Av 40Éxito Unicentro Villavicencio Av 40 TV 33 Esquina ";;"Olimpica Armenia Norte CR 14 8 13 STO 355 ARMENIA NORTEOlimpica Armenia CL 19 NORTE No.13-09Olimpica Portal Del Quindio CL 19 NORTE 13 09 SAO 358 PORTAL DEL Olimpica Armenia CL 19 NORTE No.13-09Olimpica Portal Del Quindio CL 19 NORTE 13 09 SAO 358 PORTAL DEL ";"Olimpica Calle 76 CL 76 CR 49C ESQ STO 076Olimpica Calle 84 CL 84 CR 67 ESQOlimpica Calle 98  CL 93 CR 46Olimpica Carrera 53  CR 53 No 82-77Olimpica Villa Campestre CR 51 B 136 STO 051 VILLA CAMPESTRE";"Olimpica Autopista Norte km 21 AUTOPISTA NORTEOlimpica Cedritos CL 140 No 23-61Olimpica Chico 1 CLL 97 10 45Olimpica Chico 2  CRA 15 97 25Olimpica Calle 100 CL 100 30 77Olimpica Colina Campestre CL 138 No 52-03Olimpica Contador AV 19 137 38Olimpica Mazuren Transv 40 No 150-46Olimpica Normandia AV BOYACA No 53-12Olimpica Portal 80  C.C. PORTAL DE LA 80Olimpica Santa Ana CR 7 No 108 44Olimpica Santa Barbara CL 114 No 6A-92Olimpica Sao Plaza de las americas TRANSV 64A No 26-50 SUROlimpica Villa Magdala CL 153 No 40/77";;"Olimpica Los Cristales CR 25 OESTE No 6 120Olimpica Tequendama CL 6A No 43-51";Olimpica Bocagrande  AV 3 No 5-181;;;;Olimpica Av Santander CL 50 No.23-01;Olimpica San Lucas CR 34 No 16A SUR 241;;;;Olimpica Pereira CR 13 No 36 10;;;;;;"CL 99 CON CR 53Cr 56 No. 75-155CR 38 No 74-179";CL 185 No 43-05 LC 167;"Av Los Canayes con Bulevar de las CeibasAV QUEBRADA SECA CR 33A";"Carrefour chipichape AV 6 CL 40 NORTE CHIPICHAPECarrefour Salomia CL 70 ENTRE CR 3 y 4D SALOMIA SUR ORIENTALCarrefour Soacha AV SIMON BOLIVAR ENTRE DIAG 65 Y 66Carrefour Valle De Lili CR 98 No. 16-50";Carrefour Caribe Av. El Lago Cl 29D (pie de Popa) Caribe Plaza;Carrefour Ventura  CL 10 Y 11 DIAG. S/DER VENTURA;;"Carrefour Calle 19 CL 19 No 3-52Carrefour Ibague CR 5 No 62-64";;"Carrefour De La 65  CL 47B No 65-115Carrefour Las Vegas CR 48 No 25 SUR 136Carrefour Premium Plaza Cr 43A con Cl 30 EsquinaCarrefour Santa Fe Medellin AV Cra 43A No 7 Sur-170  PISO 6";Carrefour Monteria CR 3 con CL 19 y 18;Carrefour Neiva CR 5 ENTRE CL 23 Y 24;"Carrefour Pasto Unicentro AV PANAMERICANA ENTRE CL 11 Y 12Carrefour Pasto Unico CLL 22 6 61 CTO COMERCIAL PASTO UNICO LC 37";Carrefour Pereira AV DEL RIO No. 7-02;;si;;;;;;;;;;;;;;;;;;;;;;;;;;;;;;;;;;;;;;;;;;;;;;;;;;;;;;;;;;;;;;;;;;;;;;;;;;;;;
Cachaza YPIOCA Cristal 1 lt;;;;;;;;;;;;;;;;;;;;;;;;;;;;;;;;;;;;;;;;;;;;;;;;;;;;;;;;;;;;;;;;;;;;;;;;;;;;;;;;;;;;;;;;;;;;;;;;;;;;;;;;;;;;;;;;;;;;;;;;;;;;;;;;;;;;;;
Cachaza YPIOCA Cristal 700 ml;;;;;;;;;;;;;;;;;;;;;;;;;;;;;;;;;;;;;;;;;;;;;;;;;;;;;;;;;;;;;;;;;;;;;;;;;;;;;;;;;;;;;;;;;;;;;;;;;;;;;;;;;;;;;;;;;;;;;;;;;;;;;;;;;;;;;;
Cachaza YPIOCA Plata  1 lt;;;;;"Éxito Calle 80 Cra 59 A # 79-30Éxito Country Calle 134 # 9-51Éxito Floresta Cr68 90-88 Éxito Gran Estacion Av La Esperanza # 62 - 49 Éxito Colina Av Boyaca Cra 72 #146 A 25Éxito Niza Cl 120 60-31Éxito Norte Calle 175 - 22 - 13Éxito  Salitre Cra 68 B # 40 A - 60 Éxito Unicentro Bogota Cra 15 # 123 - 30 Local 1 - 233";;;;;;;;;;;;;;;;;;;;;;;;;;;;;;;;;;;;;;;;;;;;;;;;;;;;;;;;;;;;;;;;;;;;;;;;;;;;;;;;;;;;;;;;;;;;;;;;;;;;;;;;;;;;;;;;;;;;;;;;;;;;;;;;;
Nori Purple YAMAMOTOYAMA 25 g;;;Éxito Unicentro Armenia Carrera 14  #  14 - 34   Centro Comercial Unicentro;"Cedi Barranquilla Parque Industrial Malambo PIMSA, Km 3 Via MalamboÉxito Barranquilla San Blas Cra 41 # 36 - 81 EsquinaÉxito Buenavista Barranquilla Cra 98 con Cra 52 Esquina";"Éxito Calle 80 Cra 59 A # 79-30Éxito Country Calle 134 # 9-51Éxito Floresta Cr68 90-88 Éxito Gran Estacion Av La Esperanza # 62 - 49 Éxito Colina Av Boyaca Cra 72 #146 A 25Éxito Niza Cl 120 60-31Éxito Norte Calle 175 - 22 - 13Éxito  Salitre Cra 68 B # 40 A - 60 Éxito Unicentro Bogota Cra 15 # 123 - 30 Local 1 - 233Cedi Montevideo Bogota CR 68 D No 21 - 35Éxito Chapinero Calle 52 # 13 - 70";"Éxito Bucaramanga Cra 17 # 45 - 56 Éxito Oriental Bucaramanga Transversal - Oriental # 92 - 218";"Cedi Zona Cali CR 4 NORTE No 55-51Éxito Chipichape Av 6 Norte # 38 - 47 Éxito La Flora Av 3 F Norte # 52 N 46Éxito San Fernando Calle 5 # 38 D 35 Éxito Unicali Centro Comercial Unicentro Local 244. Cra 100 # 5 - 169";;Éxito San Mateo Cucuta Avenida Demetrio Mendoza Diagonal Santander;"Cedi Vegas Medellin CL 44 SUR No 48-90Éxito Envigado Cra 48 # 34 Sur 29";Éxito Ibague Cra 5 # 80 - 60;Éxito Manizales Cra 20 # 34 - 18 Cento Comercial Fundadores;"Éxito Colombia Cra 66 # 49 01 Éxito Del Este Cra 25 # 3 - 01 Mall Del EsteÉxito Laureles Cra 81 # 37 - 100Éxito Poblado Calle 10 # 43 E  135Éxito Unicentro Medellin Cra 66 A # 34 A 25";"Éxito Alamedas Del Sinu Monteria Calle 48 Con Cra 13 y 14 Centro Comercial Alamedas Del SinuÉxito Monteria Cra 2 A # 35 - 43";Éxito San Pedro Neiva Cr8 A 38-42 ;Éxito Pasto Carrera 22 D # 2 - 57 Avenida Panamericana;Éxito Pereira Cra 10 # 14 - 7 ;Éxito Sabaneta Cra 45 # 4  Sur - 57 ;Éxito Buenavista Santa Marta Calle 32 # 29 A 500;"Éxito Villavicencio Calle 7 A Av 40Éxito Unicentro Villavicencio Av 40 TV 33 Esquina ";;"Olimpica Armenia Norte CR 14 8 13 STO 355 ARMENIA NORTEOlimpica Armenia CL 19 NORTE No.13-09Olimpica Portal Del Quindio CL 19 NORTE 13 09 SAO 358 PORTAL DEL ";"Olimpica Calle 76 CL 76 CR 49C ESQ STO 076Olimpica Calle 84 CL 84 CR 67 ESQOlimpica Calle 98  CL 93 CR 46Olimpica Carrera 53  CR 53 No 82-77Olimpica Villa Campestre CR 51 B 136 STO 051 VILLA CAMPESTRE";"Olimpica Chico 1 CLL 97 10 45Olimpica Chico 2  CRA 15 97 25Olimpica Calle 100 CL 100 30 77Olimpica Colina Campestre CL 138 No 52-03Olimpica Contador AV 19 137 38Olimpica Mazuren Transv 40 No 150-46Olimpica Normandia AV BOYACA No 53-12Olimpica Portal 80  C.C. PORTAL DE LA 80Olimpica Santa Ana CR 7 No 108 44Olimpica Santa Barbara CL 114 No 6A-92Olimpica Sao Plaza de las americas TRANSV 64A No 26-50 SUROlimpica Villa Magdala CL 153 No 40/77Olimpica Castellana CL 95 No 31-01Olimpica Centro Nariño KR 40 No 22C-10Olimpica Chapinero CL 63 A No 16-55Olimpica Kennedy CR 74 No 38-10 SurOlimpica Palatino CR 7 No.139-04Olimpica Rosales  CR 7 No 82-82";;Olimpica Los Cristales CR 25 OESTE No 6 120;;;;;;;;;;;;;;;;"Carrefour Buenavista  CL 99 CON CR 53Carrefour Cra 56 Barranquilla Cr 56 No. 75-155";;"Carrefour Bucaramanga AV QUEBRADA SECA CR 33ACarrefour Cabecera CL 41 No.31-120";"Carrefour chipichape AV 6 CL 40 NORTE CHIPICHAPECarrefour Salomia CL 70 ENTRE CR 3 y 4D SALOMIA SUR ORIENTALCarrefour Soacha AV SIMON BOLIVAR ENTRE DIAG 65 Y 66Carrefour Valle De Lili CR 98 No. 16-50Carrefour Premier Limonar CL 5A No 69-03 (ANTIGUO AUTOCINE)";;Carrefour Ventura  CL 10 Y 11 DIAG. S/DER VENTURA;;Carrefour Ibague CR 5 No 62-64;;Carrefour Las Vegas CR 48 No 25 SUR 136;;Carrefour Neiva CR 5 ENTRE CL 23 Y 24;;Carrefour Pereira AV DEL RIO No. 7-02;;;Carrefour Villavicencio CR 39C No 29C-15;;;;;;;;;;;;;;;;;;;;;;;;;;;;;;;;;;;;;;;;;;;;;;;;;;;;;;;;;;;;;;;;;;;;;;;;;;;;
Arroz Para Sushi NISHIKI 907 g;;;Éxito Unicentro Armenia Carrera 14  #  14 - 34   Centro Comercial Unicentro;"Cedi Barranquilla Parque Industrial Malambo PIMSA, Km 3 Via MalamboÉxito Barranquilla San Blas Cra 41 # 36 - 81 EsquinaÉxito Buenavista Barranquilla Cra 98 con Cra 52 Esquina";"Cedi Cra 68 CR 68 No 9-77Éxito San Martin Cra 7 # 32 - 84 LC 201 y 60Éxito Calle 80 Cra 59 A # 79-30Éxito Country Calle 134 # 9-51Éxito Floresta Cr68 90-88 Éxito Gran Estacion Av La Esperanza # 62 - 49 Éxito Colina Av Boyaca Cra 72 #146 A 25Éxito Niza Cl 120 60-31Éxito Norte Calle 175 - 22 - 13Éxito Unicentro Bogota Cra 15 # 123 - 30 Local 1 - 233Cedi Montevideo Bogota CR 68 D No 21 - 35Éxito Chapinero Calle 52 # 13 - 70";"Éxito Bucaramanga Cra 17 # 45 - 56 Éxito Oriental Bucaramanga Transversal - Oriental # 92 - 218";"Cedi Zona Cali CR 4 NORTE No 55-51Éxito Chipichape Av 6 Norte # 38 - 47 Éxito La Flora Av 3 F Norte # 52 N 46Éxito San Fernando Calle 5 # 38 D 35 Éxito Unicali Centro Comercial Unicentro Local 244. Cra 100 # 5 - 169";Éxito San Diego Cartagena Calle la Serrezuela # 10 - 85 San Diego;Éxito San Mateo Cucuta Avenida Demetrio Mendoza Diagonal Santander;"Cedi Vegas Medellin CL 44 SUR No 48-90Éxito Envigado Cra 48 # 34 Sur 29";Éxito Ibague Cra 5 # 80 - 60;"Éxito San Cancio Calle 66, Carrera 28 Esquina, Centro Comercial SanCancioÉxito Manizales Cra 20 # 34 - 18 Cento Comercial Fundadores";"Éxito La 33 Carrera 66B # 32D 36Éxito San Diego Calle 34 # 43 - 65 Éxito Colombia Cra 66 # 49 01 Éxito Del Este Cra 25 # 3 - 01 Mall Del EsteÉxito Laureles Cra 81 # 37 - 100Éxito Poblado Calle 10 # 43 E  135Éxito Unicentro Medellin Cra 66 A # 34 A 25";"Éxito Alamedas Del Sinu Monteria Calle 48 Con Cra 13 y 14 Centro Comercial Alamedas Del SinuÉxito Monteria Cra 2 A # 35 - 43";Éxito San Pedro Neiva Cr8 A 38-42 ;Éxito Pasto Carrera 22 D # 2 - 57 Avenida Panamericana;"Éxito Parque Arboleda Éxito Pereira Cra 10 # 14 - 7 ";Éxito Sabaneta Cra 45 # 4  Sur - 57 ;"Éxito Libertador Av lLibertador Cra 20 EsquinaÉxito Buenavista Santa Marta Calle 32 # 29 A 500";"Éxito Villavicencio Calle 7 A Av 40Éxito Unicentro Villavicencio Av 40 TV 33 Esquina ";;"Olimpica Armenia Norte CR 14 8 13 STO 355 ARMENIA NORTEOlimpica Armenia CL 19 NORTE No.13-09Olimpica Portal Del Quindio CL 19 NORTE 13 09 SAO 358 PORTAL DEL ";"Olimpica Calle 76 CL 76 CR 49C ESQ STO 076Olimpica Calle 84 CL 84 CR 67 ESQOlimpica Calle 98  CL 93 CR 46Olimpica Carrera 53  CR 53 No 82-77Olimpica Villa Campestre CR 51 B 136 STO 051 VILLA CAMPESTRE";"Olimpica Autopista Norte km 21 AUTOPISTA NORTEOlimpica Cedritos CL 140 No 23-61Olimpica Chico 1 CLL 97 10 45Olimpica Chico 2  CRA 15 97 25Olimpica Calle 100 CL 100 30 77Olimpica Colina Campestre CL 138 No 52-03Olimpica Contador AV 19 137 38Olimpica Mazuren Transv 40 No 150-46Olimpica Normandia AV BOYACA No 53-12Olimpica Portal 80  C.C. PORTAL DE LA 80Olimpica Santa Ana CR 7 No 108 44Olimpica Santa Barbara CL 114 No 6A-92Olimpica Sao Plaza de las americas TRANSV 64A No 26-50 SUROlimpica Villa Magdala CL 153 No 40/77Olimpica Castellana CL 95 No 31-01Olimpica Centro Nariño KR 40 No 22C-10Olimpica Chapinero CL 63 A No 16-55Olimpica Kennedy CR 74 No 38-10 SurOlimpica Palatino CR 7 No.139-04";;Olimpica Los Cristales CR 25 OESTE No 6 120;Olimpica Bocagrande  AV 3 No 5-181;;;;;;;;;Olimpica Pereira CR 13 No 36 10;;;;;;"Carrefour Buenavista  CL 99 CON CR 53Carrefour Cra 56 Barranquilla Cr 56 No. 75-155Carrefour Esquina Americano CR 38 No 74-179";;"Carrefour Bucaramanga AV QUEBRADA SECA CR 33ACarrefour Cabecera CL 41 No.31-120Carrefour Cañaveral CL 31 No.26-100Carrefour Floridablanca INTERSEC. AUTOP FLORIDABLANCA CON CLL 25";"Carrefour Valle De Lili CR 98 No. 16-50Carrefour Premier Limonar CL 5A No 69-03 (ANTIGUO AUTOCINE)";Carrefour Caribe Av. El Lago Cl 29D (pie de Popa) Caribe Plaza;"Carrefour Ventura  CL 10 Y 11 DIAG. S/DER VENTURACarrefour Atalayas Cl 8 n No 26-25Carrefour Cucuta  UNICENTRO AV LIBERTADORES";;Carrefour Ibague CR 5 No 62-64;;"Carrefour De La 65  CL 47B No 65-115Carrefour Las Vegas CR 48 No 25 SUR 136Carrefour Premium Plaza Cr 43A con Cl 30 EsquinaCarrefour Santa Fe Medellin AV Cra 43A No 7 Sur-170  PISO 6";;Carrefour Neiva CR 5 ENTRE CL 23 Y 24;Carrefour Pasto Unicentro AV PANAMERICANA ENTRE CL 11 Y 12;"Carrefour Pereira AV DEL RIO No. 7-02Carrefour Unicentro  Av. 30 AGOSTO FRENTE AEROPUERTO";;Carrefour Santa Marta CR 14 No 29-116 AV FERROCARRIL CON AV DEL ;Carrefour Villavicencio CR 39C No 29C-15;;;;;;;;;;;;;;;;;;;;;;;;;;;;;;;;;;;;;;;;;;;;;;;;;;;;;;;;;;;;;;;;;;;;;;;;;;;;
Brotes De Bambu CHAOKOH 565 g;;;;;Cedi Montevideo Bogota CR 68 D No 21 - 35;;;;;Cedi Vegas Medellin CL 44 SUR No 48-90;;;;;;;;;;;;;;;;;;;;;;;;;;;;;;;;;;;;;;;;;;;;;;;;;;;;;;;;;;;;;;;;;;;;;;;;;;;;;;;;;;;;;;;;;;;;;;;;;;;;;;;;;;;;;;;;;;;;;;;;;;;;
Conserva De Mango Chutney Dulce PATAK'S 340 g;;;Éxito Unicentro Armenia Carrera 14  #  14 - 34   Centro Comercial Unicentro;"Cedi Barranquilla Parque Industrial Malambo PIMSA, Km 3 Via MalamboÉxito Barranquilla San Blas Cra 41 # 36 - 81 EsquinaÉxito Buenavista Barranquilla Cra 98 con Cra 52 Esquina";"Éxito San Martin Cra 7 # 32 - 84 LC 201 y 60Éxito Calle 80 Cra 59 A # 79-30Éxito Country Calle 134 # 9-51Éxito Floresta Cr68 90-88 Éxito Gran Estacion Av La Esperanza # 62 - 49 Éxito Colina Av Boyaca Cra 72 #146 A 25Éxito Niza Cl 120 60-31Éxito Norte Calle 175 - 22 - 13Éxito Unicentro Bogota Cra 15 # 123 - 30 Local 1 - 233Éxito Chapinero Calle 52 # 13 - 70Éxito Modelia Cr75 23 F-30 Éxito  Salitre Cra 68 B # 40 A - 60 Cedi Montevideo Bogota CR 68 D No 21 - 35";"Éxito Bucaramanga Cra 17 # 45 - 56 Éxito Oriental Bucaramanga Transversal - Oriental # 92 - 218";"Cedi Zona Cali CR 4 NORTE No 55-51Éxito Chipichape Av 6 Norte # 38 - 47 Éxito La Flora Av 3 F Norte # 52 N 46Éxito San Fernando Calle 5 # 38 D 35 Éxito Unicali Centro Comercial Unicentro Local 244. Cra 100 # 5 - 169";Éxito San Diego Cartagena Calle la Serrezuela # 10 - 85 San Diego;Éxito San Mateo Cucuta Avenida Demetrio Mendoza Diagonal Santander;"Éxito Envigado Cra 48 # 34 Sur 29Cedi Vegas Medellin CL 44 SUR No 48-90";Éxito Ibague Cra 5 # 80 - 60;"Éxito San Cancio Calle 66, Carrera 28 Esquina, Centro Comercial SanCancioÉxito Manizales Cra 20 # 34 - 18 Cento Comercial Fundadores";"Éxito Colombia Cra 66 # 49 01 Éxito Del Este Cra 25 # 3 - 01 Mall Del EsteÉxito Laureles Cra 81 # 37 - 100Éxito Poblado Calle 10 # 43 E  135Éxito Unicentro Medellin Cra 66 A # 34 A 25";"Éxito Alamedas Del Sinu Monteria Calle 48 Con Cra 13 y 14 Centro Comercial Alamedas Del SinuÉxito Monteria Cra 2 A # 35 - 43";Éxito San Pedro Neiva Cr8 A 38-42 ;Éxito Pasto Carrera 22 D # 2 - 57 Avenida Panamericana;"Éxito Parque Arboleda Éxito Pereira Cra 10 # 14 - 7 ";Éxito Sabaneta Cra 45 # 4  Sur - 57 ;Éxito Buenavista Santa Marta Calle 32 # 29 A 500;"Éxito Villavicencio Calle 7 A Av 40Éxito Unicentro Villavicencio Av 40 TV 33 Esquina ";;;;;;;;;;;;;;;;;;;;;;;;;;;;;;;;;;;;;;;;;;;;;;;;;;;;;;;;;;;;;;;;;;;;;;;;;;;;;;;;;;;;;;;;;;;;;;;;;;;;;;;;;;;;;;;;;;
Espagueti De Arroz BEST CHOICE 200 g;;;Éxito Unicentro Armenia Carrera 14  #  14 - 34   Centro Comercial Unicentro;"Cedi Barranquilla Parque Industrial Malambo PIMSA, Km 3 Via MalamboÉxito Barranquilla San Blas Cra 41 # 36 - 81 EsquinaÉxito Buenavista Barranquilla Cra 98 con Cra 52 EsquinaÉxito Barranquilla Metropilitano CL AV CIRCUNVALAR CL MURILLOÉxito Murillo Barranquilla Calle 45 Cra 27 EsquinaÉxito San Francisco Barranquilla Cra 38 # 70 B 177";"Éxito San Martin Cra 7 # 32 - 84 LC 201 y 60Éxito Calle 80 Cra 59 A # 79-30Éxito Country Calle 134 # 9-51Éxito Floresta Cr68 90-88 Éxito Gran Estacion Av La Esperanza # 62 - 49 Éxito Colina Av Boyaca Cra 72 #146 A 25Éxito Niza Cl 120 60-31Éxito Norte Calle 175 - 22 - 13Éxito  Salitre Cra 68 B # 40 A - 60 Cedi Montevideo Bogota CR 68 D No 21 - 35Éxito Alamos Bogota Cra. 68 B 40 A 60Éxito Americas Av De Las Americas # 68 A - 94Éxito Nuevo Kennedy Cr78 K 37 A-53 Sur Éxito Occidente Calle 114 A # 78 B 85Éxito Suba Calle 145 # 105 B 58 Éxito Villa Mayor Autopista Sur - Calle 38 A Sur 07";"Éxito Bucaramanga Cra 17 # 45 - 56 Éxito Oriental Bucaramanga Transversal - Oriental # 92 - 218Éxito Bucaramanga Cabecera Cra 35 A # 49 - 27Éxito Cañaveral Florida Blanca Centro Comercial Cañaveral local 100";"Cedi Zona Cali CR 4 NORTE No 55-51Éxito Chipichape Av 6 Norte # 38 - 47 Éxito La Flora Av 3 F Norte # 52 N 46Éxito San Fernando Calle 5 # 38 D 35 Éxito Unicali Centro Comercial Unicentro Local 244. Cra 100 # 5 - 169";"Éxito San Diego Cartagena Calle la Serrezuela # 10 - 85 San DiegoÉxito Castellana Cartagena Avenida Pedro De Heredia Sector Villa Sandra # 30 - 14";Éxito San Mateo Cucuta Avenida Demetrio Mendoza Diagonal Santander;"Éxito Envigado Cra 48 # 34 Sur 29Cedi Vegas Medellin CL 44 SUR No 48-90";Éxito Ibague Cra 5 # 80 - 60;"Éxito San Cancio Calle 66, Carrera 28 Esquina, Centro Comercial SanCancioÉxito Manizales Cra 20 # 34 - 18 Cento Comercial Fundadores";"Éxito Colombia Cra 66 # 49 01 Éxito Del Este Cra 25 # 3 - 01 Mall Del EsteÉxito Laureles Cra 81 # 37 - 100Éxito Poblado Calle 10 # 43 E  135Éxito Unicentro Medellin Cra 66 A # 34 A 25Éxito Molinos Calle 30 A # 82 A - 50 Centro Comercial Los Molinos Local 119Éxito Robledo Cra  80 # 64 - 61";Éxito Alamedas Del Sinu Monteria Calle 48 Con Cra 13 y 14 Centro Comercial Alamedas Del Sinu;Éxito San Pedro Neiva Cr8 A 38-42 ;Éxito Pasto Carrera 22 D # 2 - 57 Avenida Panamericana;"Éxito Parque Arboleda Éxito Pereira Cra 10 # 14 - 7 ";Éxito Sabaneta Cra 45 # 4  Sur - 57 ;"Éxito Buenavista Santa Marta Calle 32 # 29 A 500Éxito Santa Marta Cra 5 # 19 - 20";"Éxito Villavicencio Calle 7 A Av 40Éxito Unicentro Villavicencio Av 40 TV 33 Esquina ";;"Olimpica Armenia Norte CR 14 8 13 STO 355 ARMENIA NORTEOlimpica Armenia CL 19 NORTE No.13-09Olimpica Portal Del Quindio CL 19 NORTE 13 09 SAO 358 PORTAL DEL ";"Olimpica Calle 76 CL 76 CR 49C ESQ STO 076Olimpica Calle 84 CL 84 CR 67 ESQOlimpica Calle 98  CL 93 CR 46Olimpica Carrera 53  CR 53 No 82-77Olimpica Villa Campestre CR 51 B 136 STO 051 VILLA CAMPESTRE";"Olimpica Autopista Norte km 21 AUTOPISTA NORTEOlimpica Cedritos CL 140 No 23-61Olimpica Chico 1 CLL 97 10 45Olimpica Chico 2  CRA 15 97 25Olimpica Calle 100 CL 100 30 77Olimpica Colina Campestre CL 138 No 52-03Olimpica Contador AV 19 137 38Olimpica Mazuren Transv 40 No 150-46Olimpica Normandia AV BOYACA No 53-12Olimpica Portal 80  C.C. PORTAL DE LA 80Olimpica Santa Ana CR 7 No 108 44Olimpica Santa Barbara CL 114 No 6A-92Olimpica Sao Plaza de las americas TRANSV 64A No 26-50 SUROlimpica Villa Magdala CL 153 No 40/77Olimpica Castellana CL 95 No 31-01Olimpica Centro Nariño KR 40 No 22C-10Olimpica Chapinero CL 63 A No 16-55Olimpica Kennedy CR 74 No 38-10 SurOlimpica Palatino CR 7 No.139-04Olimpica Rosales  CR 7 No 82-82Olimpica Santa isabel AV 3 No 29-69";;"Olimpica Los Cristales CR 25 OESTE No 6 120Olimpica Tequendama CL 6A No 43-51Olimpica Av 6A AV 6A NORTE 29 11 STO 572";;;;;Olimpica Av Santander CL 50 No.23-01;Olimpica San Lucas CR 34 No 16A SUR 241;;;;Olimpica Pereira CR 13 No 36 10;;;;;;"Carrefour Buenavista  CL 99 CON CR 53Carrefour Cra 56 Barranquilla Cr 56 No. 75-155Carrefour Esquina Americano CR 38 No 74-179";;"Carrefour Los Canayes Av Los Canayes con Bulevar de las CeibasCarrefour Bucaramanga AV QUEBRADA SECA CR 33ACarrefour Cabecera CL 41 No.31-120";"Carrefour chipichape AV 6 CL 40 NORTE CHIPICHAPECarrefour Salomia CL 70 ENTRE CR 3 y 4D SALOMIA SUR ORIENTALCarrefour Soacha AV SIMON BOLIVAR ENTRE DIAG 65 Y 66Carrefour Valle De Lili CR 98 No. 16-50Carrefour Premier Limonar CL 5A No 69-03 (ANTIGUO AUTOCINE)";Carrefour Caribe Av. El Lago Cl 29D (pie de Popa) Caribe Plaza;"Carrefour Ventura  CL 10 Y 11 DIAG. S/DER VENTURACarrefour Atalayas Cl 8 n No 26-25";;"Carrefour Calle 19 CL 19 No 3-52Carrefour Ibague CR 5 No 62-64";;"Carrefour De La 65  CL 47B No 65-115Carrefour Las Vegas CR 48 No 25 SUR 136Carrefour Premium Plaza Cr 43A con Cl 30 EsquinaCarrefour Santa Fe Medellin AV Cra 43A No 7 Sur-170  PISO 6";;Carrefour Neiva CR 5 ENTRE CL 23 Y 24;"Carrefour Pasto Unicentro AV PANAMERICANA ENTRE CL 11 Y 12Carrefour Pasto Unico CLL 22 6 61 CTO COMERCIAL PASTO UNICO LC 37";"Carrefour Pereira AV DEL RIO No. 7-02Carrefour Unicentro  Av. 30 AGOSTO FRENTE AEROPUERTO";;Carrefour Santa Marta CR 14 No 29-116 AV FERROCARRIL CON AV DEL ;Carrefour Villavicencio CR 39C No 29C-15;;;;;;;;;;;;;;;;;;;;;;;;;;;;;;;;;;;;;;;;;;;;;;;;;;;;;;;;;;;;;;;;;;;;;;;;;;;;
Esterillas De Bambu Para Sushi;;;;Cedi Barranquilla Parque Industrial Malambo PIMSA, Km 3 Via Malambo;Cedi Cra 68 CR 68 No 9-77;;;;;Cedi Vegas Medellin CL 44 SUR No 48-90;;;Éxito Del Este Cra 25 # 3 - 01 Mall Del Este;;;;;;;;;;;;;;;;;;;;;;;;;;;;;;;;;;;;;;;;;;;;;;;;;;;;;;;;;;;;;;;;;;;;;;;;;;;;;;;;;;;;;;;;;;;;;;;;;;;;;;;;;;;;;;;;;;;;;;;;;
Fideo De Frijol PINE 200 g;;;Éxito Unicentro Armenia Carrera 14  #  14 - 34   Centro Comercial Unicentro;"Cedi Barranquilla Parque Industrial Malambo PIMSA, Km 3 Via MalamboÉxito Barranquilla San Blas Cra 41 # 36 - 81 EsquinaÉxito Buenavista Barranquilla Cra 98 con Cra 52 EsquinaÉxito Barranquilla Metropilitano CL AV CIRCUNVALAR CL MURILLOÉxito Murillo Barranquilla Calle 45 Cra 27 EsquinaÉxito San Francisco Barranquilla Cra 38 # 70 B 177";;;;;;;;;;;;;;;;;;;;;;;;;;;;;;;;;;;;;;"Carrefour Buenavista  CL 99 CON CR 53Carrefour Cra 56 Barranquilla Cr 56 No. 75-155Carrefour Esquina Americano CR 38 No 74-179";;"Carrefour Bucaramanga AV QUEBRADA SECA CR 33ACarrefour Cabecera CL 41 No.31-120Carrefour Cañaveral CL 31 No.26-100";"Carrefour chipichape AV 6 CL 40 NORTE CHIPICHAPECarrefour Salomia CL 70 ENTRE CR 3 y 4D SALOMIA SUR ORIENTALCarrefour Soacha AV SIMON BOLIVAR ENTRE DIAG 65 Y 66Carrefour Valle De Lili CR 98 No. 16-50";Carrefour Caribe Av. El Lago Cl 29D (pie de Popa) Caribe Plaza;Carrefour Cucuta  UNICENTRO AV LIBERTADORES;;;;"Carrefour De La 65  CL 47B No 65-115Carrefour Las Vegas CR 48 No 25 SUR 136Carrefour Premium Plaza Cr 43A con Cl 30 EsquinaCarrefour Santa Fe Medellin AV Cra 43A No 7 Sur-170  PISO 6";;;Carrefour Pasto Unicentro AV PANAMERICANA ENTRE CL 11 Y 12;"Carrefour Pereira AV DEL RIO No. 7-02Carrefour Unicentro  Av. 30 AGOSTO FRENTE AEROPUERTO";;Carrefour Santa Marta CR 14 No 29-116 AV FERROCARRIL CON AV DEL ;Carrefour Villavicencio CR 39C No 29C-15;;;;;;;;;;;;;;;;;;;;;;;;;;;;;;;;;;;;;;;;;;;;;;;;;;;;;;;;;;;;;;;;;;;;;;;;;;;;
Gari Blanco KENKO 110 g;;;;;Cedi Montevideo Bogota CR 68 D No 21 - 35;"Éxito Bucaramanga Cra 17 # 45 - 56 Éxito Oriental Bucaramanga Transversal - Oriental # 92 - 218Éxito Bucaramanga Cabecera Cra 35 A # 49 - 27Éxito Cañaveral Florida Blanca Centro Comercial Cañaveral local 100Éxito Buenaventura Calle 2 # 66 - 80 Km 11 Via Cabal Pombo Buenaventura";"Cedi Zona Cali CR 4 NORTE No 55-51Éxito Chipichape Av 6 Norte # 38 - 47 Éxito La Flora Av 3 F Norte # 52 N 46Éxito San Fernando Calle 5 # 38 D 35 Éxito Unicali Centro Comercial Unicentro Local 244. Cra 100 # 5 - 169";"Éxito San Diego Cartagena Calle la Serrezuela # 10 - 85 San DiegoÉxito Castellana Cartagena Avenida Pedro De Heredia Sector Villa Sandra # 30 - 14";Éxito San Mateo Cucuta Avenida Demetrio Mendoza Diagonal Santander;"Cedi Vegas Medellin CL 44 SUR No 48-90Éxito Envigado Cra 48 # 34 Sur 29";;"Éxito San Cancio Calle 66, Carrera 28 Esquina, Centro Comercial SanCancioÉxito Manizales Cra 20 # 34 - 18 Cento Comercial Fundadores";"Éxito Del Este Cra 25 # 3 - 01 Mall Del EsteÉxito Colombia Cra 66 # 49 01 Éxito Laureles Cra 81 # 37 - 100Éxito Poblado Calle 10 # 43 E  135Éxito Unicentro Medellin Cra 66 A # 34 A 25Éxito Molinos Calle 30 A # 82 A - 50 Centro Comercial Los Molinos Local 119Éxito Robledo Cra  80 # 64 - 61";Éxito Alamedas Del Sinu Monteria Calle 48 Con Cra 13 y 14 Centro Comercial Alamedas Del Sinu;;Éxito Pasto Carrera 22 D # 2 - 57 Avenida Panamericana;"Éxito Parque Arboleda Éxito Pereira Cra 10 # 14 - 7 ";Éxito Sabaneta Cra 45 # 4  Sur - 57 ;"Éxito Buenavista Santa Marta Calle 32 # 29 A 500Éxito Santa Marta Cra 5 # 19 - 20";;;;;;;;;;;;;;;;;;;;;;;;;;;;;;;;;;;;;;;;;;;;;;;;;;;;;;;;;;;;;;;;;;;;;;;;;;;;;;;;;;;;;;;;;;;;;;;;;;;;;;;;;;;;;;;;;;;
Leche De Coco BEST CHOICE 400 ml;;;Éxito Unicentro Armenia Carrera 14  #  14 - 34   Centro Comercial Unicentro;"Cedi Barranquilla Parque Industrial Malambo PIMSA, Km 3 Via MalamboÉxito Barranquilla San Blas Cra 41 # 36 - 81 EsquinaÉxito Buenavista Barranquilla Cra 98 con Cra 52 Esquina";"Cedi Montevideo Bogota CR 68 D No 21 - 35Éxito Unicentro Bogota Cra 15 # 123 - 30 Local 1 - 233Éxito Chapinero Calle 52 # 13 - 70Éxito Modelia Cr75 23 F-30 Éxito San Martin Cra 7 # 32 - 84 LC 201 y 60Éxito Calle 80 Cra 59 A # 79-30Éxito Country Calle 134 # 9-51Éxito Floresta Cr68 90-88 Éxito Gran Estacion Av La Esperanza # 62 - 49 Éxito Colina Av Boyaca Cra 72 #146 A 25Éxito Niza Cl 120 60-31Éxito Norte Calle 175 - 22 - 13Éxito  Salitre Cra 68 B # 40 A - 60 ";"Éxito Bucaramanga Cra 17 # 45 - 56 Éxito Oriental Bucaramanga Transversal - Oriental # 92 - 218";"Cedi Zona Cali CR 4 NORTE No 55-51Éxito La Flora Av 3 F Norte # 52 N 46Éxito San Fernando Calle 5 # 38 D 35 Éxito Unicali Centro Comercial Unicentro Local 244. Cra 100 # 5 - 169Éxito Chipichape Av 6 Norte # 38 - 47 ";Éxito San Diego Cartagena Calle la Serrezuela # 10 - 85 San Diego;Éxito San Mateo Cucuta Avenida Demetrio Mendoza Diagonal Santander;"Cedi Vegas Medellin CL 44 SUR No 48-90Éxito Envigado Cra 48 # 34 Sur 29";Éxito Ibague Cra 5 # 80 - 60;Éxito Manizales Cra 20 # 34 - 18 Cento Comercial Fundadores;"Éxito Del Este Cra 25 # 3 - 01 Mall Del EsteÉxito Laureles Cra 81 # 37 - 100Éxito Poblado Calle 10 # 43 E  135Éxito Unicentro Medellin Cra 66 A # 34 A 25Éxito La 33 Carrera 66B # 32D 36";"Éxito Monteria Cra 2 A # 35 - 43Éxito Alamedas Del Sinu Monteria Calle 48 Con Cra 13 y 14 Centro Comercial Alamedas Del Sinu";Éxito San Pedro Neiva Cr8 A 38-42 ;Éxito Pasto Carrera 22 D # 2 - 57 Avenida Panamericana;"Éxito Parque Arboleda Éxito Pereira Cra 10 # 14 - 7 ";Éxito Sabaneta Cra 45 # 4  Sur - 57 ;Éxito Buenavista Santa Marta Calle 32 # 29 A 500;"Éxito Villavicencio Calle 7 A Av 40Éxito Unicentro Villavicencio Av 40 TV 33 Esquina ";;"Olimpica Armenia Norte CR 14 8 13 STO 355 ARMENIA NORTEOlimpica Armenia CL 19 NORTE No.13-09Olimpica Portal Del Quindio CL 19 NORTE 13 09 SAO 358 PORTAL DEL ";"Olimpica Calle 76 CL 76 CR 49C ESQ STO 076Olimpica Calle 84 CL 84 CR 67 ESQOlimpica Calle 98  CL 93 CR 46Olimpica Carrera 53  CR 53 No 82-77";"Olimpica Autopista Norte km 21 AUTOPISTA NORTEOlimpica Cedritos CL 140 No 23-61Olimpica Chico 1 CLL 97 10 45Olimpica Chico 2  CRA 15 97 25Olimpica Calle 100 CL 100 30 77Olimpica Colina Campestre CL 138 No 52-03Olimpica Contador AV 19 137 38Olimpica Mazuren Transv 40 No 150-46Olimpica Normandia AV BOYACA No 53-12Olimpica Portal 80  C.C. PORTAL DE LA 80Olimpica Santa Ana CR 7 No 108 44Olimpica Santa Barbara CL 114 No 6A-92Olimpica Sao Plaza de las americas TRANSV 64A No 26-50 SUROlimpica Villa Magdala CL 153 No 40/77Olimpica Castellana CL 95 No 31-01Olimpica Centro Nariño KR 40 No 22C-10Olimpica Chapinero CL 63 A No 16-55Olimpica Kennedy CR 74 No 38-10 SurOlimpica Palatino CR 7 No.139-04Olimpica Rosales  CR 7 No 82-82Olimpica Santa isabel AV 3 No 29-69Olimpica Suba CL 140 No 91-19";;"Olimpica Los Cristales CR 25 OESTE No 6 120Olimpica Tequendama CL 6A No 43-51Olimpica Av 6A AV 6A NORTE 29 11 STO 572";;;;;;;;;;;;;;;;"Carrefour Buenavista  CL 99 CON CR 53Carrefour Cra 56 Barranquilla Cr 56 No. 75-155Carrefour Esquina Americano CR 38 No 74-179";;"Carrefour Bucaramanga AV QUEBRADA SECA CR 33ACarrefour Cabecera CL 41 No.31-120Carrefour Cañaveral CL 31 No.26-100Carrefour Floridablanca INTERSEC. AUTOP FLORIDABLANCA CON CLL 25";Carrefour Valle De Lili CR 98 No. 16-50;Carrefour Caribe Av. El Lago Cl 29D (pie de Popa) Caribe Plaza;Carrefour Ventura  CL 10 Y 11 DIAG. S/DER VENTURA;;Carrefour Ibague CR 5 No 62-64;;"Carrefour De La 65  CL 47B No 65-115Carrefour Las Vegas CR 48 No 25 SUR 136Carrefour Premium Plaza Cr 43A con Cl 30 EsquinaCarrefour Santa Fe Medellin AV Cra 43A No 7 Sur-170  PISO 6";;Carrefour Neiva CR 5 ENTRE CL 23 Y 24;Carrefour Pasto Unicentro AV PANAMERICANA ENTRE CL 11 Y 12;"Carrefour Pereira AV DEL RIO No. 7-02Carrefour Unicentro  Av. 30 AGOSTO FRENTE AEROPUERTO";;Carrefour Santa Marta CR 14 No 29-116 AV FERROCARRIL CON AV DEL ;Carrefour Villavicencio CR 39C No 29C-15;;;;;;;;;;;;;;;;;;;;;;;;;;;;;;;;;;;;;;;;;;;;;;;;;;;;;;;;;;;;;;;;;;;;;;;;;;;;
Lychee En Almibar BEST CHOICE 565 ml;;Éxito Apartado Calle 103 con cra 100;"Éxito Cristal Armenia Calle 19 # 17 - 27 Éxito Unicentro Armenia Carrera 14  #  14 - 34   Centro Comercial Unicentro";"Éxito Murillo Barranquilla Calle 45 Cra 27 EsquinaÉxito Panorama Barranquilla Calle 31 # 6 B 135Éxito San Francisco Barranquilla Cra 38 # 70 B 177Cedi Barranquilla Parque Industrial Malambo PIMSA, Km 3 Via MalamboÉxito Barranquilla San Blas Cra 41 # 36 - 81 Esquina";"Éxito Avenida Chile Av Caracs 71-60 Éxito Centenario Fontibon Av Centenario Con Calle 106 - 104 (Zona Franca)Éxito Ciudad Montes Dg17 Sur-32 -40Éxito Ciudad Tunal Calle 47 B # 24 - 33Éxito Kennedy Carrera 76 N° 35 - 48 Sur Éxito Las Nieves Cra. 7 N° 22 - 36 Éxito Plaza Bolivar Carrera 7 # 11 - 30 Éxito Quirigua Dg94 82-00 Éxito Quirinal Cl 61 43-40 L-148 Éxito Tintal Cl 6 A 95-75 Éxito Usme Cra 1 # 65 d Sur -58Éxito Veinte De Julio Cl 21 Sur-5 A-34 Éxito Zarzamora Av Cl 72 90-55 Éxito Alamos Bogota Cra. 68 B 40 A 60Éxito Americas Av De Las Americas # 68 A - 94Éxito Nuevo Kennedy Cr78 K 37 A-53 Sur Éxito Occidente Calle 114 A # 78 B 85Éxito Suba Calle 145 # 105 B 58 Éxito Villa Mayor Autopista Sur - Calle 38 A Sur 07Cedi Montevideo Bogota CR 68 D No 21 - 35Éxito Unicentro Bogota Cra 15 # 123 - 30 Local 1 - 233Éxito Chapinero Calle 52 # 13 - 70Éxito Modelia Cr75 23 F-30 Éxito San Martin Cra 7 # 32 - 84 LC 201 y 60Éxito Calle 80 Cra 59 A # 79-30Éxito Country Calle 134 # 9-51Éxito Floresta Cr68 90-88 Éxito Gran Estacion Av La Esperanza # 62 - 49 Éxito Colina Av Boyaca Cra 72 #146 A 25Éxito Niza Cl 120 60-31Éxito Norte Calle 175 - 22 - 13Éxito  Salitre Cra 68 B # 40 A - 60 ";"Éxito Bucaramanga Centro Calle 36 # 15 - 33 Éxito Bucaramanga Cabecera Cra 35 A # 49 - 27Éxito Cañaveral Florida Blanca Centro Comercial Cañaveral local 100Éxito Bucaramanga Cra 17 # 45 - 56 Éxito Oriental Bucaramanga Transversal - Oriental # 92 - 218";"Éxito Primavera Carrera 39 # 32 A - 01Cedi Zona Cali CR 4 NORTE No 55-51Éxito La Flora Av 3 F Norte # 52 N 46Éxito San Fernando Calle 5 # 38 D 35 Éxito Unicali Centro Comercial Unicentro Local 244. Cra 100 # 5 - 169Éxito Chipichape Av 6 Norte # 38 - 47 ";"Éxito Cartagena Avenida Pedro De Heredia Cra 69 - 75Éxito Ejecutivos Calle 31 # 57 - 106 Avenida Pedro De HerediaÉxito Castellana Cartagena Avenida Pedro De Heredia Sector Villa Sandra # 30 - 14Éxito San Diego Cartagena Calle la Serrezuela # 10 - 85 San Diego";"Éxito Avenida Quinta Cucuta Avenida 5 Calle 12 - 68 Éxito San Mateo Cucuta Avenida Demetrio Mendoza Diagonal Santander";"Cedi Vegas Medellin CL 44 SUR No 48-90Éxito Envigado Cra 48 # 34 Sur 29";"Éxito Calle 28 Ibague Carrera 5 Con Calle 28 Esquina - Barrio HipodromoÉxito Calle 37 Ibague Carrera 5 Con Calle 37 EsquinaÉxito Ibague Cra 5 # 80 - 60";"Éxito San Cancio Calle 66, Carrera 28 Esquina, Centro Comercial SanCancioÉxito Manizales Cra 20 # 34 - 18 Cento Comercial Fundadores";"Éxito San Antonio Calle 48 # 46 - 115Éxito Colombia Cra 66 # 49 01 Éxito San Diego Calle 34 # 43 - 65 Éxito America Cra 79 B 45-90 Éxito Belen CL 30A No. 65B-57Éxito Molinos Calle 30 A # 82 A - 50 Centro Comercial Los Molinos Local 119Éxito Robledo Cra  80 # 64 - 61Éxito Del Este Cra 25 # 3 - 01 Mall Del EsteÉxito Laureles Cra 81 # 37 - 100Éxito Poblado Calle 10 # 43 E  135Éxito Unicentro Medellin Cra 66 A # 34 A 25Éxito La 33 Carrera 66B # 32D 36";"Éxito Monteria Cra 2 A # 35 - 43Éxito Alamedas Del Sinu Monteria Calle 48 Con Cra 13 y 14 Centro Comercial Alamedas Del Sinu";"Éxito Neiva Centro Calle 8 A # 2 - 2Éxito Neiva  Avenida 26 Calle 39 EsquinaÉxito Pitalito Carrera 15 # 19 A 31 Sur, Centro Comercial San Antonio Plaza - Local 1Éxito San Pedro Neiva Cr8 A 38-42 ";Éxito Pasto Carrera 22 D # 2 - 57 Avenida Panamericana;"Éxito Dos Quebradas Av Simon Bolivar Cra 16 Calle 34Éxito Pereira Centro Cra 18 # 17 - 35Éxito Parque Arboleda Éxito Pereira Cra 10 # 14 - 7 ";Éxito Sabaneta Cra 45 # 4  Sur - 57 ;"Éxito Libertador Av lLibertador Cra 20 EsquinaÉxito La 22 Santa Marta Calle 22 # 5 - 06Éxito Santa Marta Cra 5 # 19 - 20Éxito Buenavista Santa Marta Calle 32 # 29 A 500";"Éxito Villavicencio Centro Calle 37 B # 29 - 83Éxito Villavicencio Calle 7 A Av 40Éxito Unicentro Villavicencio Av 40 TV 33 Esquina ";;"Olimpica Armenia Norte CR 14 8 13 STO 355 ARMENIA NORTEOlimpica Armenia CL 19 NORTE No.13-09";"Olimpica Calle 76 CL 76 CR 49C ESQ STO 076Olimpica Calle 84 CL 84 CR 67 ESQOlimpica Calle 98  CL 93 CR 46Olimpica Carrera 53  CR 53 No 82-77Olimpica Villa Campestre CR 51 B 136 STO 051 VILLA CAMPESTRE";"Olimpica Autopista Norte km 21 AUTOPISTA NORTEOlimpica Cedritos CL 140 No 23-61Olimpica Chico 1 CLL 97 10 45Olimpica Chico 2  CRA 15 97 25Olimpica Calle 100 CL 100 30 77Olimpica Colina Campestre CL 138 No 52-03Olimpica Contador AV 19 137 38Olimpica Mazuren Transv 40 No 150-46Olimpica Normandia AV BOYACA No 53-12Olimpica Portal 80  C.C. PORTAL DE LA 80Olimpica Santa Ana CR 7 No 108 44Olimpica Santa Barbara CL 114 No 6A-92Olimpica Sao Plaza de las americas TRANSV 64A No 26-50 SUROlimpica Villa Magdala CL 153 No 40/77Olimpica Castellana CL 95 No 31-01Olimpica Centro Nariño KR 40 No 22C-10Olimpica Chapinero CL 63 A No 16-55Olimpica Kennedy CR 74 No 38-10 SurOlimpica Palatino CR 7 No.139-04Olimpica Rosales  CR 7 No 82-82Olimpica Santa isabel AV 3 No 29-69";;"Olimpica Los Cristales CR 25 OESTE No 6 120Olimpica Tequendama CL 6A No 43-51Olimpica Av 6A AV 6A NORTE 29 11 STO 572";;;;;Olimpica Av Santander CL 50 No.23-01;Olimpica San Lucas CR 34 No 16A SUR 241;;;;Olimpica Pereira CR 13 No 36 10;;;;;;"Carrefour Buenavista  CL 99 CON CR 53Carrefour Cra 56 Barranquilla Cr 56 No. 75-155";;"Carrefour Bucaramanga AV QUEBRADA SECA CR 33ACarrefour Cabecera CL 41 No.31-120";"Carrefour chipichape AV 6 CL 40 NORTE CHIPICHAPECarrefour Salomia CL 70 ENTRE CR 3 y 4D SALOMIA SUR ORIENTALCarrefour Soacha AV SIMON BOLIVAR ENTRE DIAG 65 Y 66Carrefour Valle De Lili CR 98 No. 16-50Carrefour Premier Limonar CL 5A No 69-03 (ANTIGUO AUTOCINE)";;;;Carrefour Ibague CR 5 No 62-64;;"Carrefour De La 65  CL 47B No 65-115Carrefour Las Vegas CR 48 No 25 SUR 136Carrefour Premium Plaza Cr 43A con Cl 30 EsquinaCarrefour Santa Fe Medellin AV Cra 43A No 7 Sur-170  PISO 6";;Carrefour Neiva CR 5 ENTRE CL 23 Y 24;Carrefour Pasto Unicentro AV PANAMERICANA ENTRE CL 11 Y 12;"Carrefour Pereira AV DEL RIO No. 7-02Carrefour Unicentro  Av. 30 AGOSTO FRENTE AEROPUERTO";;Carrefour Santa Marta CR 14 No 29-116 AV FERROCARRIL CON AV DEL ;Carrefour Villavicencio CR 39C No 29C-15;;;;;;;;;;;;;;;;;;;;;;;;;;;;;;;;;;;;;;;;;;;;;;;;;;;;;;;;;;;;;;;;;;;;;;;;;;;;
Mazorquitas BEST CHOICE 425 g;;;Éxito Unicentro Armenia Carrera 14  #  14 - 34   Centro Comercial Unicentro;"Cedi Barranquilla Parque Industrial Malambo PIMSA, Km 3 Via MalamboÉxito Barranquilla San Blas Cra 41 # 36 - 81 EsquinaÉxito Buenavista Barranquilla Cra 98 con Cra 52 Esquina";"Cedi Montevideo Bogota CR 68 D No 21 - 35Éxito Unicentro Bogota Cra 15 # 123 - 30 Local 1 - 233Éxito Chapinero Calle 52 # 13 - 70Éxito San Martin Cra 7 # 32 - 84 LC 201 y 60Éxito Calle 80 Cra 59 A # 79-30Éxito Country Calle 134 # 9-51Éxito Floresta Cr68 90-88 Éxito Gran Estacion Av La Esperanza # 62 - 49 Éxito Colina Av Boyaca Cra 72 #146 A 25Éxito Niza Cl 120 60-31Éxito Norte Calle 175 - 22 - 13Éxito  Salitre Cra 68 B # 40 A - 60 ";"Éxito Bucaramanga Cra 17 # 45 - 56 Éxito Oriental Bucaramanga Transversal - Oriental # 92 - 218";"Cedi Zona Cali CR 4 NORTE No 55-51Éxito La Flora Av 3 F Norte # 52 N 46Éxito San Fernando Calle 5 # 38 D 35 Éxito Unicali Centro Comercial Unicentro Local 244. Cra 100 # 5 - 169Éxito Chipichape Av 6 Norte # 38 - 47 ";Éxito San Diego Cartagena Calle la Serrezuela # 10 - 85 San Diego;Éxito San Mateo Cucuta Avenida Demetrio Mendoza Diagonal Santander;"Cedi Vegas Medellin CL 44 SUR No 48-90Éxito Envigado Cra 48 # 34 Sur 29";Éxito Ibague Cra 5 # 80 - 60;"Éxito San Cancio Calle 66, Carrera 28 Esquina, Centro Comercial SanCancioÉxito Manizales Cra 20 # 34 - 18 Cento Comercial Fundadores";"Éxito Colombia Cra 66 # 49 01 Éxito Del Este Cra 25 # 3 - 01 Mall Del EsteÉxito Laureles Cra 81 # 37 - 100Éxito Poblado Calle 10 # 43 E  135Éxito Unicentro Medellin Cra 66 A # 34 A 25";"Éxito Monteria Cra 2 A # 35 - 43Éxito Alamedas Del Sinu Monteria Calle 48 Con Cra 13 y 14 Centro Comercial Alamedas Del Sinu";Éxito San Pedro Neiva Cr8 A 38-42 ;;"Éxito Parque Arboleda Éxito Pereira Cra 10 # 14 - 7 ";Éxito Sabaneta Cra 45 # 4  Sur - 57 ;Éxito Buenavista Santa Marta Calle 32 # 29 A 500;"Éxito Villavicencio Calle 7 A Av 40Éxito Unicentro Villavicencio Av 40 TV 33 Esquina ";;;;;;;Olimpica Bocagrande  AV 3 No 5-181;;;;;;;;;;;;;;;Carrefour Buenavista  CL 99 CON CR 53;Carrefour Simon Bolivar CL 185 No 43-05 LC 167;"Carrefour Bucaramanga AV QUEBRADA SECA CR 33ACarrefour Cabecera CL 41 No.31-120";Carrefour Soacha AV SIMON BOLIVAR ENTRE DIAG 65 Y 66;;;;;;"Carrefour De La 65  CL 47B No 65-115Carrefour Las Vegas CR 48 No 25 SUR 136Carrefour Premium Plaza Cr 43A con Cl 30 Esquina";;;;Carrefour Pereira AV DEL RIO No. 7-02;;Carrefour Santa Marta CR 14 No 29-116 AV FERROCARRIL CON AV DEL ;;;;;;;;;;;;;;;;;;;;;;;;;;;;;;;;;;;;;;;;;;;;;;;;;;;;;;;;;;;;;;;;;;;;;;;;;;;;;
Papel De Arroz 22 cm BEST CHOICE 400 g;;;Éxito Unicentro Armenia Carrera 14  #  14 - 34   Centro Comercial Unicentro;"Cedi Barranquilla Parque Industrial Malambo PIMSA, Km 3 Via MalamboÉxito Barranquilla San Blas Cra 41 # 36 - 81 EsquinaÉxito Buenavista Barranquilla Cra 98 con Cra 52 Esquina";"Éxito Modelia Cr75 23 F-30 Cedi Montevideo Bogota CR 68 D No 21 - 35Éxito San Martin Cra 7 # 32 - 84 LC 201 y 60Éxito Calle 80 Cra 59 A # 79-30Éxito Country Calle 134 # 9-51Éxito Floresta Cr68 90-88 Éxito Gran Estacion Av La Esperanza # 62 - 49 Éxito Colina Av Boyaca Cra 72 #146 A 25Éxito Niza Cl 120 60-31Éxito Norte Calle 175 - 22 - 13Éxito  Salitre Cra 68 B # 40 A - 60 ";"Éxito Bucaramanga Cabecera Cra 35 A # 49 - 27Éxito Cañaveral Florida Blanca Centro Comercial Cañaveral local 100Éxito Bucaramanga Cra 17 # 45 - 56 Éxito Oriental Bucaramanga Transversal - Oriental # 92 - 218";"Cedi Zona Cali CR 4 NORTE No 55-51Éxito La Flora Av 3 F Norte # 52 N 46Éxito San Fernando Calle 5 # 38 D 35 Éxito Unicali Centro Comercial Unicentro Local 244. Cra 100 # 5 - 169Éxito Chipichape Av 6 Norte # 38 - 47 ";Éxito San Diego Cartagena Calle la Serrezuela # 10 - 85 San Diego;Éxito San Mateo Cucuta Avenida Demetrio Mendoza Diagonal Santander;"Cedi Vegas Medellin CL 44 SUR No 48-90Éxito Envigado Cra 48 # 34 Sur 29";Éxito Ibague Cra 5 # 80 - 60;"Éxito San Cancio Calle 66, Carrera 28 Esquina, Centro Comercial SanCancioÉxito Manizales Cra 20 # 34 - 18 Cento Comercial Fundadores";"Éxito Colombia Cra 66 # 49 01 Éxito Del Este Cra 25 # 3 - 01 Mall Del EsteÉxito Laureles Cra 81 # 37 - 100Éxito Poblado Calle 10 # 43 E  135Éxito Unicentro Medellin Cra 66 A # 34 A 25";"Éxito Monteria Cra 2 A # 35 - 43Éxito Alamedas Del Sinu Monteria Calle 48 Con Cra 13 y 14 Centro Comercial Alamedas Del Sinu";Éxito San Pedro Neiva Cr8 A 38-42 ;Éxito Pasto Carrera 22 D # 2 - 57 Avenida Panamericana;"Éxito Parque Arboleda Éxito Pereira Cra 10 # 14 - 7 ";Éxito Sabaneta Cra 45 # 4  Sur - 57 ;Éxito Buenavista Santa Marta Calle 32 # 29 A 500;"Éxito Villavicencio Calle 7 A Av 40Éxito Unicentro Villavicencio Av 40 TV 33 Esquina ";;;;;;;;;;;;;;;;;;;;;;"Carrefour Buenavista  CL 99 CON CR 53Carrefour Cra 56 Barranquilla Cr 56 No. 75-155";;"Carrefour Los Canayes Av Los Canayes con Bulevar de las CeibasCarrefour Bucaramanga AV QUEBRADA SECA CR 33ACarrefour Cabecera CL 41 No.31-120";"Carrefour chipichape AV 6 CL 40 NORTE CHIPICHAPECarrefour Salomia CL 70 ENTRE CR 3 y 4D SALOMIA SUR ORIENTALCarrefour Soacha AV SIMON BOLIVAR ENTRE DIAG 65 Y 66Carrefour Valle De Lili CR 98 No. 16-50Carrefour Premier Limonar CL 5A No 69-03 (ANTIGUO AUTOCINE)";;;;Carrefour Ibague CR 5 No 62-64;;"Carrefour De La 65  CL 47B No 65-115Carrefour Las Vegas CR 48 No 25 SUR 136Carrefour Premium Plaza Cr 43A con Cl 30 EsquinaCarrefour Santa Fe Medellin AV Cra 43A No 7 Sur-170  PISO 6";;;Carrefour Pasto Unicentro AV PANAMERICANA ENTRE CL 11 Y 12;"Carrefour Pereira AV DEL RIO No. 7-02Carrefour Unicentro  Av. 30 AGOSTO FRENTE AEROPUERTO";;Carrefour Santa Marta CR 14 No 29-116 AV FERROCARRIL CON AV DEL ;Carrefour Villavicencio CR 39C No 29C-15;;;;;;;;;;;;;;;;;;;;;;;;;;;;;;;;;;;;;;;;;;;;;;;;;;;;;;;;;;;;;;;;;;;;;;;;;;;;
Pasta Curry Korma PATAK'S 290 g;;;Éxito Unicentro Armenia Carrera 14  #  14 - 34   Centro Comercial Unicentro;"Cedi Barranquilla Parque Industrial Malambo PIMSA, Km 3 Via MalamboÉxito Barranquilla San Blas Cra 41 # 36 - 81 EsquinaÉxito Buenavista Barranquilla Cra 98 con Cra 52 Esquina";"Éxito Modelia Cr75 23 F-30 Cedi Montevideo Bogota CR 68 D No 21 - 35Éxito San Martin Cra 7 # 32 - 84 LC 201 y 60Éxito Calle 80 Cra 59 A # 79-30Éxito Country Calle 134 # 9-51Éxito Floresta Cr68 90-88 Éxito Gran Estacion Av La Esperanza # 62 - 49 Éxito Colina Av Boyaca Cra 72 #146 A 25Éxito Niza Cl 120 60-31Éxito Norte Calle 175 - 22 - 13Éxito  Salitre Cra 68 B # 40 A - 60 Éxito Unicentro Bogota Cra 15 # 123 - 30 Local 1 - 233Éxito Chapinero Calle 52 # 13 - 70";"Éxito Bucaramanga Cra 17 # 45 - 56 Éxito Oriental Bucaramanga Transversal - Oriental # 92 - 218";"Cedi Zona Cali CR 4 NORTE No 55-51Éxito La Flora Av 3 F Norte # 52 N 46Éxito San Fernando Calle 5 # 38 D 35 Éxito Unicali Centro Comercial Unicentro Local 244. Cra 100 # 5 - 169Éxito Chipichape Av 6 Norte # 38 - 47 ";Éxito San Diego Cartagena Calle la Serrezuela # 10 - 85 San Diego;Éxito San Mateo Cucuta Avenida Demetrio Mendoza Diagonal Santander;"Cedi Vegas Medellin CL 44 SUR No 48-90Éxito Envigado Cra 48 # 34 Sur 29";Éxito Ibague Cra 5 # 80 - 60;"Éxito San Cancio Calle 66, Carrera 28 Esquina, Centro Comercial SanCancioÉxito Manizales Cra 20 # 34 - 18 Cento Comercial Fundadores";"Éxito Colombia Cra 66 # 49 01 Éxito Del Este Cra 25 # 3 - 01 Mall Del EsteÉxito Laureles Cra 81 # 37 - 100Éxito Poblado Calle 10 # 43 E  135Éxito Unicentro Medellin Cra 66 A # 34 A 25";"Éxito Monteria Cra 2 A # 35 - 43Éxito Alamedas Del Sinu Monteria Calle 48 Con Cra 13 y 14 Centro Comercial Alamedas Del Sinu";Éxito San Pedro Neiva Cr8 A 38-42 ;Éxito Pasto Carrera 22 D # 2 - 57 Avenida Panamericana;"Éxito Parque Arboleda Éxito Pereira Cra 10 # 14 - 7 ";Éxito Sabaneta Cra 45 # 4  Sur - 57 ;Éxito Buenavista Santa Marta Calle 32 # 29 A 500;"Éxito Villavicencio Calle 7 A Av 40Éxito Unicentro Villavicencio Av 40 TV 33 Esquina ";;;;;;;;;;;;;;;;;;;;;;;;;;;;;;;;;;;;;;;;;;;;;;;;;;;;;;;;;;;;;;;;;;;;;;;;;;;;;;;;;;;;;;;;;;;;;;;;;;;;;;;;;;;;;;;;;;
Salsa Agridulce LEE KUM KEE 240 g;;;Éxito Unicentro Armenia Carrera 14  #  14 - 34   Centro Comercial Unicentro;"Cedi Barranquilla Parque Industrial Malambo PIMSA, Km 3 Via MalamboÉxito Barranquilla San Blas Cra 41 # 36 - 81 EsquinaÉxito Buenavista Barranquilla Cra 98 con Cra 52 Esquina";"Éxito Modelia Cr75 23 F-30 Cedi Montevideo Bogota CR 68 D No 21 - 35Éxito San Martin Cra 7 # 32 - 84 LC 201 y 60Éxito Calle 80 Cra 59 A # 79-30Éxito Country Calle 134 # 9-51Éxito Floresta Cr68 90-88 Éxito Gran Estacion Av La Esperanza # 62 - 49 Éxito Colina Av Boyaca Cra 72 #146 A 25Éxito Niza Cl 120 60-31Éxito Norte Calle 175 - 22 - 13Éxito  Salitre Cra 68 B # 40 A - 60 Éxito Unicentro Bogota Cra 15 # 123 - 30 Local 1 - 233Éxito Chapinero Calle 52 # 13 - 70";"Éxito Bucaramanga Cra 17 # 45 - 56 Éxito Oriental Bucaramanga Transversal - Oriental # 92 - 218";"Cedi Zona Cali CR 4 NORTE No 55-51Éxito La Flora Av 3 F Norte # 52 N 46Éxito San Fernando Calle 5 # 38 D 35 Éxito Unicali Centro Comercial Unicentro Local 244. Cra 100 # 5 - 169Éxito Chipichape Av 6 Norte # 38 - 47 ";Éxito San Diego Cartagena Calle la Serrezuela # 10 - 85 San Diego;Éxito San Mateo Cucuta Avenida Demetrio Mendoza Diagonal Santander;"Cedi Vegas Medellin CL 44 SUR No 48-90Éxito Envigado Cra 48 # 34 Sur 29";Éxito Ibague Cra 5 # 80 - 60;"Éxito San Cancio Calle 66, Carrera 28 Esquina, Centro Comercial SanCancioÉxito Manizales Cra 20 # 34 - 18 Cento Comercial Fundadores";"Éxito Colombia Cra 66 # 49 01 Éxito Del Este Cra 25 # 3 - 01 Mall Del EsteÉxito Laureles Cra 81 # 37 - 100Éxito Poblado Calle 10 # 43 E  135Éxito Unicentro Medellin Cra 66 A # 34 A 25";"Éxito Monteria Cra 2 A # 35 - 43Éxito Alamedas Del Sinu Monteria Calle 48 Con Cra 13 y 14 Centro Comercial Alamedas Del Sinu";Éxito San Pedro Neiva Cr8 A 38-42 ;Éxito Pasto Carrera 22 D # 2 - 57 Avenida Panamericana;"Éxito Parque Arboleda Éxito Pereira Cra 10 # 14 - 7 ";Éxito Sabaneta Cra 45 # 4  Sur - 57 ;Éxito Buenavista Santa Marta Calle 32 # 29 A 500;"Éxito Villavicencio Calle 7 A Av 40Éxito Unicentro Villavicencio Av 40 TV 33 Esquina ";;;"Olimpica Calle 76 CL 76 CR 49C ESQ STO 076Olimpica Calle 84 CL 84 CR 67 ESQOlimpica Calle 98  CL 93 CR 46Olimpica Carrera 53  CR 53 No 82-77Olimpica Villa Campestre CR 51 B 136 STO 051 VILLA CAMPESTRE";"Olimpica Autopista Norte km 21 AUTOPISTA NORTEOlimpica Cedritos CL 140 No 23-61Olimpica Chico 1 CLL 97 10 45Olimpica Chico 2  CRA 15 97 25Olimpica Calle 100 CL 100 30 77Olimpica Colina Campestre CL 138 No 52-03Olimpica Contador AV 19 137 38Olimpica Mazuren Transv 40 No 150-46Olimpica Normandia AV BOYACA No 53-12Olimpica Portal 80  C.C. PORTAL DE LA 80Olimpica Santa Ana CR 7 No 108 44Olimpica Santa Barbara CL 114 No 6A-92Olimpica Sao Plaza de las americas TRANSV 64A No 26-50 SUROlimpica Villa Magdala CL 153 No 40/77Olimpica Castellana CL 95 No 31-01Olimpica Centro Nariño KR 40 No 22C-10";;"Olimpica Los Cristales CR 25 OESTE No 6 120Olimpica Tequendama CL 6A No 43-51Olimpica Av 6A AV 6A NORTE 29 11 STO 572";;;;;;;;;;;;;;;;"Carrefour Buenavista  CL 99 CON CR 53Carrefour Cra 56 Barranquilla Cr 56 No. 75-155Carrefour Esquina Americano CR 38 No 74-179";Carrefour Simon Bolivar CL 185 No 43-05 LC 167;"Carrefour Bucaramanga AV QUEBRADA SECA CR 33ACarrefour Cabecera CL 41 No.31-120Carrefour Cañaveral CL 31 No.26-100Carrefour Floridablanca INTERSEC. AUTOP FLORIDABLANCA CON CLL 25";"Carrefour chipichape AV 6 CL 40 NORTE CHIPICHAPECarrefour Salomia CL 70 ENTRE CR 3 y 4D SALOMIA SUR ORIENTALCarrefour Soacha AV SIMON BOLIVAR ENTRE DIAG 65 Y 66Carrefour Valle De Lili CR 98 No. 16-50Carrefour Premier Limonar CL 5A No 69-03 (ANTIGUO AUTOCINE)";Carrefour Caribe Av. El Lago Cl 29D (pie de Popa) Caribe Plaza;"Carrefour Ventura  CL 10 Y 11 DIAG. S/DER VENTURACarrefour Atalayas Cl 8 n No 26-25Carrefour Cucuta  UNICENTRO AV LIBERTADORES";;"Carrefour Calle 19 CL 19 No 3-52Carrefour Ibague CR 5 No 62-64";;"Carrefour Las Vegas CR 48 No 25 SUR 136Carrefour Premium Plaza Cr 43A con Cl 30 EsquinaCarrefour Santa Fe Medellin AV Cra 43A No 7 Sur-170  PISO 6";Carrefour Monteria CR 3 con CL 19 y 18;Carrefour Neiva CR 5 ENTRE CL 23 Y 24;Carrefour Pasto Unicentro AV PANAMERICANA ENTRE CL 11 Y 12;"Carrefour Pereira AV DEL RIO No. 7-02Carrefour Unicentro  Av. 30 AGOSTO FRENTE AEROPUERTO";;Carrefour Santa Marta CR 14 No 29-116 AV FERROCARRIL CON AV DEL ;Carrefour Villavicencio CR 39C No 29C-15;;;;;;;;;;;;;;;;;;;;;;;;;;;;;;;;;;;;;;;;;;;;;;;;;;;;;;;;;;;;;;;;;;;;;;;;;;;;
Pasta Curry Biryani PATAK'S 283 g;;;Éxito Unicentro Armenia Carrera 14  #  14 - 34   Centro Comercial Unicentro;"Cedi Barranquilla Parque Industrial Malambo PIMSA, Km 3 Via MalamboÉxito Barranquilla San Blas Cra 41 # 36 - 81 EsquinaÉxito Buenavista Barranquilla Cra 98 con Cra 52 Esquina";"Éxito Modelia Cr75 23 F-30 Cedi Montevideo Bogota CR 68 D No 21 - 35Éxito San Martin Cra 7 # 32 - 84 LC 201 y 60Éxito Calle 80 Cra 59 A # 79-30Éxito Country Calle 134 # 9-51Éxito Floresta Cr68 90-88 Éxito Gran Estacion Av La Esperanza # 62 - 49 Éxito Colina Av Boyaca Cra 72 #146 A 25Éxito Niza Cl 120 60-31Éxito Norte Calle 175 - 22 - 13Éxito  Salitre Cra 68 B # 40 A - 60 Éxito Unicentro Bogota Cra 15 # 123 - 30 Local 1 - 233Éxito Chapinero Calle 52 # 13 - 70";"Éxito Bucaramanga Cra 17 # 45 - 56 Éxito Oriental Bucaramanga Transversal - Oriental # 92 - 218";"Cedi Zona Cali CR 4 NORTE No 55-51Éxito La Flora Av 3 F Norte # 52 N 46Éxito San Fernando Calle 5 # 38 D 35 Éxito Unicali Centro Comercial Unicentro Local 244. Cra 100 # 5 - 169Éxito Chipichape Av 6 Norte # 38 - 47 ";Éxito San Diego Cartagena Calle la Serrezuela # 10 - 85 San Diego;Éxito San Mateo Cucuta Avenida Demetrio Mendoza Diagonal Santander;"Cedi Vegas Medellin CL 44 SUR No 48-90Éxito Envigado Cra 48 # 34 Sur 29";Éxito Ibague Cra 5 # 80 - 60;"Éxito San Cancio Calle 66, Carrera 28 Esquina, Centro Comercial SanCancioÉxito Manizales Cra 20 # 34 - 18 Cento Comercial Fundadores";"Éxito Colombia Cra 66 # 49 01 Éxito Del Este Cra 25 # 3 - 01 Mall Del EsteÉxito Laureles Cra 81 # 37 - 100Éxito Poblado Calle 10 # 43 E  135Éxito Unicentro Medellin Cra 66 A # 34 A 25";"Éxito Monteria Cra 2 A # 35 - 43Éxito Alamedas Del Sinu Monteria Calle 48 Con Cra 13 y 14 Centro Comercial Alamedas Del Sinu";Éxito San Pedro Neiva Cr8 A 38-42 ;Éxito Pasto Carrera 22 D # 2 - 57 Avenida Panamericana;"Éxito Parque Arboleda Éxito Pereira Cra 10 # 14 - 7 ";Éxito Sabaneta Cra 45 # 4  Sur - 57 ;Éxito Buenavista Santa Marta Calle 32 # 29 A 500;"Éxito Villavicencio Calle 7 A Av 40Éxito Unicentro Villavicencio Av 40 TV 33 Esquina ";;;;;;;;;;;;;;;;;;;;;;;;;;;;;;;;;;;;;;;;;;;;;;;;;;;;;;;;;;;;;;;;;;;;;;;;;;;;;;;;;;;;;;;;;;;;;;;;;;;;;;;;;;;;;;;;;;
Pasta Curry Tandoori PATAK'S 312 g;;;Éxito Unicentro Armenia Carrera 14  #  14 - 34   Centro Comercial Unicentro;"Cedi Barranquilla Parque Industrial Malambo PIMSA, Km 3 Via MalamboÉxito Barranquilla San Blas Cra 41 # 36 - 81 EsquinaÉxito Buenavista Barranquilla Cra 98 con Cra 52 Esquina";"Éxito Modelia Cr75 23 F-30 Cedi Montevideo Bogota CR 68 D No 21 - 35Éxito San Martin Cra 7 # 32 - 84 LC 201 y 60Éxito Calle 80 Cra 59 A # 79-30Éxito Country Calle 134 # 9-51Éxito Floresta Cr68 90-88 Éxito Gran Estacion Av La Esperanza # 62 - 49 Éxito Colina Av Boyaca Cra 72 #146 A 25Éxito Niza Cl 120 60-31Éxito Norte Calle 175 - 22 - 13Éxito  Salitre Cra 68 B # 40 A - 60 Éxito Unicentro Bogota Cra 15 # 123 - 30 Local 1 - 233Éxito Chapinero Calle 52 # 13 - 70";"Éxito Bucaramanga Cra 17 # 45 - 56 Éxito Oriental Bucaramanga Transversal - Oriental # 92 - 218";"Cedi Zona Cali CR 4 NORTE No 55-51Éxito La Flora Av 3 F Norte # 52 N 46Éxito San Fernando Calle 5 # 38 D 35 Éxito Unicali Centro Comercial Unicentro Local 244. Cra 100 # 5 - 169Éxito Chipichape Av 6 Norte # 38 - 47 ";Éxito San Diego Cartagena Calle la Serrezuela # 10 - 85 San Diego;Éxito San Mateo Cucuta Avenida Demetrio Mendoza Diagonal Santander;"Cedi Vegas Medellin CL 44 SUR No 48-90Éxito Envigado Cra 48 # 34 Sur 29";Éxito Ibague Cra 5 # 80 - 60;Éxito San Cancio Calle 66, Carrera 28 Esquina, Centro Comercial SanCancio Éxito Manizales Cra 20 # 34 - 18 Cento Comercial Fundadores;"Éxito Colombia Cra 66 # 49 01 Éxito Del Este Cra 25 # 3 - 01 Mall Del EsteÉxito Laureles Cra 81 # 37 - 100Éxito Poblado Calle 10 # 43 E  135Éxito Unicentro Medellin Cra 66 A # 34 A 25";"Éxito Monteria Cra 2 A # 35 - 43Éxito Alamedas Del Sinu Monteria Calle 48 Con Cra 13 y 14 Centro Comercial Alamedas Del Sinu";Éxito San Pedro Neiva Cr8 A 38-42 ;Éxito Pasto Carrera 22 D # 2 - 57 Avenida Panamericana;"Éxito Parque Arboleda Éxito Pereira Cra 10 # 14 - 7 ";Éxito Sabaneta Cra 45 # 4  Sur - 57 ;Éxito Buenavista Santa Marta Calle 32 # 29 A 500;"  Éxito Villavicencio Calle 7 A Av 40Éxito Unicentro Villavicencio Av 40 TV 33 Esquina ";;;;;;;;;;;;;;;;;;;;;;;;;;;;;;;;;;;;;;;;;;;;;;;;;;;;;;;;;;;;;;;;;;;;;;;;;;;;;;;;;;;;;;;;;;;;;;;;;;;;;;;;;;;;;;;;;;
Salsa Chile Agridulce MAE PLOY 350 g;;;Éxito Unicentro Armenia Carrera 14  #  14 - 34   Centro Comercial Unicentro;"Cedi Barranquilla Parque Industrial Malambo PIMSA, Km 3 Via MalamboÉxito Barranquilla San Blas Cra 41 # 36 - 81 EsquinaÉxito Buenavista Barranquilla Cra 98 con Cra 52 Esquina";"Cedi Montevideo Bogota CR 68 D No 21 - 35Éxito San Martin Cra 7 # 32 - 84 LC 201 y 60Éxito Calle 80 Cra 59 A # 79-30Éxito Country Calle 134 # 9-51Éxito Floresta Cr68 90-88 Éxito Gran Estacion Av La Esperanza # 62 - 49 Éxito Colina Av Boyaca Cra 72 #146 A 25Éxito Niza Cl 120 60-31Éxito Norte Calle 175 - 22 - 13Éxito  Salitre Cra 68 B # 40 A - 60 Éxito Unicentro Bogota Cra 15 # 123 - 30 Local 1 - 233Éxito Chapinero Calle 52 # 13 - 70";"Éxito Bucaramanga Cra 17 # 45 - 56 Éxito Oriental Bucaramanga Transversal - Oriental # 92 - 218";"Cedi Zona Cali CR 4 NORTE No 55-51Éxito La Flora Av 3 F Norte # 52 N 46Éxito San Fernando Calle 5 # 38 D 35 Éxito Unicali Centro Comercial Unicentro Local 244. Cra 100 # 5 - 169Éxito Chipichape Av 6 Norte # 38 - 47 ";Éxito San Diego Cartagena Calle la Serrezuela # 10 - 85 San Diego;Éxito San Mateo Cucuta Avenida Demetrio Mendoza Diagonal Santander;"Cedi Vegas Medellin CL 44 SUR No 48-90Éxito Envigado Cra 48 # 34 Sur 29";Éxito Ibague Cra 5 # 80 - 60;"Éxito San Cancio Calle 66, Carrera 28 Esquina, Centro Comercial SanCancioÉxito Manizales Cra 20 # 34 - 18 Cento Comercial Fundadores";"Éxito Colombia Cra 66 # 49 01 Éxito Del Este Cra 25 # 3 - 01 Mall Del EsteÉxito Laureles Cra 81 # 37 - 100Éxito Poblado Calle 10 # 43 E  135Éxito Unicentro Medellin Cra 66 A # 34 A 25";"Éxito Monteria Cra 2 A # 35 - 43Éxito Alamedas Del Sinu Monteria Calle 48 Con Cra 13 y 14 Centro Comercial Alamedas Del Sinu";Éxito San Pedro Neiva Cr8 A 38-42 ;Éxito Pasto Carrera 22 D # 2 - 57 Avenida Panamericana;"Éxito Parque Arboleda Éxito Pereira Cra 10 # 14 - 7 ";Éxito Sabaneta Cra 45 # 4  Sur - 57 ;Éxito Buenavista Santa Marta Calle 32 # 29 A 500;"Éxito Villavicencio Calle 7 A Av 40Éxito Unicentro Villavicencio Av 40 TV 33 Esquina ";;Olimpica Armenia Norte CR 14 8 13 STO 355 ARMENIA NORTE;"Olimpica Calle 76 CL 76 CR 49C ESQ STO 076Olimpica Calle 84 CL 84 CR 67 ESQOlimpica Calle 98  CL 93 CR 46Olimpica Carrera 53  CR 53 No 82-77Olimpica Villa Campestre CR 51 B 136 STO 051 VILLA CAMPESTRE";"Olimpica Autopista Norte km 21 AUTOPISTA NORTEOlimpica Cedritos CL 140 No 23-61Olimpica Chico 1 CLL 97 10 45Olimpica Chico 2  CRA 15 97 25Olimpica Calle 100 CL 100 30 77Olimpica Colina Campestre CL 138 No 52-03Olimpica Contador AV 19 137 38Olimpica Mazuren Transv 40 No 150-46Olimpica Normandia AV BOYACA No 53-12Olimpica Portal 80  C.C. PORTAL DE LA 80Olimpica Santa Ana CR 7 No 108 44Olimpica Santa Barbara CL 114 No 6A-92Olimpica Sao Plaza de las americas TRANSV 64A No 26-50 SUROlimpica Villa Magdala CL 153 No 40/77Olimpica Castellana CL 95 No 31-01Olimpica Centro Nariño KR 40 No 22C-10Olimpica Chapinero CL 63 A No 16-55Olimpica Kennedy CR 74 No 38-10 SurOlimpica Palatino CR 7 No.139-04Olimpica Rosales  CR 7 No 82-82Olimpica Santa isabel AV 3 No 29-69";;"Olimpica Los Cristales CR 25 OESTE No 6 120Olimpica Tequendama CL 6A No 43-51Olimpica Av 6A AV 6A NORTE 29 11 STO 572";Olimpica Bocagrande  AV 3 No 5-181;;;;;;;;;;;;;;;"Carrefour Buenavista  CL 99 CON CR 53Carrefour Cra 56 Barranquilla Cr 56 No. 75-155";Carrefour Simon Bolivar CL 185 No 43-05 LC 167;"Carrefour Los Canayes Av Los Canayes con Bulevar de las CeibasCarrefour Bucaramanga AV QUEBRADA SECA CR 33ACarrefour Cabecera CL 41 No.31-120Carrefour Cañaveral CL 31 No.26-100Carrefour Floridablanca INTERSEC. AUTOP FLORIDABLANCA CON CLL 25";"Carrefour chipichape AV 6 CL 40 NORTE CHIPICHAPECarrefour Salomia CL 70 ENTRE CR 3 y 4D SALOMIA SUR ORIENTALCarrefour Soacha AV SIMON BOLIVAR ENTRE DIAG 65 Y 66Carrefour Valle De Lili CR 98 No. 16-50Carrefour Premier Limonar CL 5A No 69-03 (ANTIGUO AUTOCINE)";Carrefour Caribe Av. El Lago Cl 29D (pie de Popa) Caribe Plaza;Carrefour Atalayas Cl 8 n No 26-25;;"Carrefour Calle 19 CL 19 No 3-52Carrefour Ibague CR 5 No 62-64";;"Carrefour De La 65  CL 47B No 65-115Carrefour Las Vegas CR 48 No 25 SUR 136Carrefour Premium Plaza Cr 43A con Cl 30 EsquinaCarrefour Santa Fe Medellin AV Cra 43A No 7 Sur-170  PISO 6";;;"Carrefour Pasto Unicentro AV PANAMERICANA ENTRE CL 11 Y 12Carrefour Pasto Unico CLL 22 6 61 CTO COMERCIAL PASTO UNICO LC 37";"Carrefour Pereira AV DEL RIO No. 7-02Carrefour Unicentro  Av. 30 AGOSTO FRENTE AEROPUERTO";;Carrefour Santa Marta CR 14 No 29-116 AV FERROCARRIL CON AV DEL ;Carrefour Villavicencio CR 39C No 29C-15;;;;;;;;;;;;;;;;;;;;;;;;;;;;;;;;;;;;;;;;;;;;;;;;;;;;;;;;;;;;;;;;;;;;;;;;;;;;
Salsa De Ajos Y Frijoles Negros LEE KUM KEE 226 g;;;;; Cedi Montevideo Bogota CR 68 D No 21 - 35;;;;;;;;;;;;;;;;;;;;;;;;;;;;;;;;;;;;;;;;;;;;;;;;;;;;;;;;;;;;;;;;;;;;;;;;;;;;;;;;;;;;;;;;;;;;;;;;;;;;;;;;;;;;;;;;;;;;;;;;;;;;;;;;;
Salsa Con Sabor A Ostion PANDA LEE KUM KEE 255 g;;;Éxito Unicentro Armenia Carrera 14  #  14 - 34   Centro Comercial Unicentro;"Cedi Barranquilla Parque Industrial Malambo PIMSA, Km 3 Via MalamboÉxito Barranquilla San Blas Cra 41 # 36 - 81 EsquinaÉxito Buenavista Barranquilla Cra 98 con Cra 52 Esquina";"Cedi Montevideo Bogota CR 68 D No 21 - 35Éxito San Martin Cra 7 # 32 - 84 LC 201 y 60Éxito Calle 80 Cra 59 A # 79-30Éxito Country Calle 134 # 9-51Éxito Floresta Cr68 90-88 Éxito Gran Estacion Av La Esperanza # 62 - 49 Éxito Colina Av Boyaca Cra 72 #146 A 25Éxito Niza Cl 120 60-31Éxito Norte Calle 175 - 22 - 13Éxito Unicentro Bogota Cra 15 # 123 - 30 Local 1 - 233Éxito Chapinero Calle 52 # 13 - 70";"Éxito Bucaramanga Cra 17 # 45 - 56 Éxito Oriental Bucaramanga Transversal - Oriental # 92 - 218";"Cedi Zona Cali CR 4 NORTE No 55-51Éxito La Flora Av 3 F Norte # 52 N 46Éxito San Fernando Calle 5 # 38 D 35 Éxito Unicali Centro Comercial Unicentro Local 244. Cra 100 # 5 - 169Éxito Chipichape Av 6 Norte # 38 - 47 ";Éxito San Diego Cartagena Calle la Serrezuela # 10 - 85 San Diego;Éxito San Mateo Cucuta Avenida Demetrio Mendoza Diagonal Santander;"Cedi Vegas Medellin CL 44 SUR No 48-90Éxito Envigado Cra 48 # 34 Sur 29";Éxito Ibague Cra 5 # 80 - 60;"Éxito San Cancio Calle 66, Carrera 28 Esquina, Centro Comercial SanCancioÉxito Manizales Cra 20 # 34 - 18 Cento Comercial Fundadores";"Éxito Colombia Cra 66 # 49 01 Éxito Del Este Cra 25 # 3 - 01 Mall Del EsteÉxito Laureles Cra 81 # 37 - 100Éxito Poblado Calle 10 # 43 E  135Éxito Unicentro Medellin Cra 66 A # 34 A 25";"Éxito Monteria Cra 2 A # 35 - 43Éxito Alamedas Del Sinu Monteria Calle 48 Con Cra 13 y 14 Centro Comercial Alamedas Del Sinu";Éxito San Pedro Neiva Cr8 A 38-42 ;Éxito Pasto Carrera 22 D # 2 - 57 Avenida Panamericana;"Éxito Parque Arboleda Éxito Pereira Cra 10 # 14 - 7 ";Éxito Sabaneta Cra 45 # 4  Sur - 57 ;Éxito Buenavista Santa Marta Calle 32 # 29 A 500;"Éxito Villavicencio Calle 7 A Av 40Éxito Unicentro Villavicencio Av 40 TV 33 Esquina ";;Olimpica Armenia Norte CR 14 8 13 STO 355 ARMENIA NORTE;"Olimpica Calle 76 CL 76 CR 49C ESQ STO 076Olimpica Calle 84 CL 84 CR 67 ESQOlimpica Calle 98  CL 93 CR 46Olimpica Carrera 53  CR 53 No 82-77Olimpica Villa Campestre CR 51 B 136 STO 051 VILLA CAMPESTREOlimpica Autopista Norte km 21 AUTOPISTA NORTE";"Olimpica Chico 1 CLL 97 10 45Olimpica Chico 2  CRA 15 97 25Olimpica Calle 100 CL 100 30 77Olimpica Colina Campestre CL 138 No 52-03Olimpica Contador AV 19 137 38Olimpica Mazuren Transv 40 No 150-46Olimpica Normandia AV BOYACA No 53-12Olimpica Portal 80  C.C. PORTAL DE LA 80Olimpica Santa Ana CR 7 No 108 44Olimpica Santa Barbara CL 114 No 6A-92Olimpica Sao Plaza de las americas TRANSV 64A No 26-50 SUR";;"Olimpica Los Cristales CR 25 OESTE No 6 120Olimpica Tequendama CL 6A No 43-51Olimpica Av 6A AV 6A NORTE 29 11 STO 572";;;;;Olimpica Av Santander CL 50 No.23-01;;;;;Olimpica Pereira CR 13 No 36 10;;;;;;"Carrefour Buenavista  CL 99 CON CR 53Carrefour Cra 56 Barranquilla Cr 56 No. 75-155Carrefour Esquina Americano CR 38 No 74-179";Carrefour Simon Bolivar CL 185 No 43-05 LC 167;"Carrefour Bucaramanga AV QUEBRADA SECA CR 33ACarrefour Cabecera CL 41 No.31-120Carrefour Cañaveral CL 31 No.26-100Carrefour Floridablanca INTERSEC. AUTOP FLORIDABLANCA CON CLL 25";"Carrefour chipichape AV 6 CL 40 NORTE CHIPICHAPECarrefour Salomia CL 70 ENTRE CR 3 y 4D SALOMIA SUR ORIENTALCarrefour Soacha AV SIMON BOLIVAR ENTRE DIAG 65 Y 66Carrefour Valle De Lili CR 98 No. 16-50";Carrefour Caribe Av. El Lago Cl 29D (pie de Popa) Caribe Plaza;Carrefour Ventura  CL 10 Y 11 DIAG. S/DER VENTURA;;"Carrefour Calle 19 CL 19 No 3-52Carrefour Ibague CR 5 No 62-64";;"Carrefour De La 65  CL 47B No 65-115Carrefour Las Vegas CR 48 No 25 SUR 136Carrefour Premium Plaza Cr 43A con Cl 30 EsquinaCarrefour Santa Fe Medellin AV Cra 43A No 7 Sur-170  PISO 6";Carrefour Monteria CR 3 con CL 19 y 18;Carrefour Neiva CR 5 ENTRE CL 23 Y 24;"Carrefour Pasto Unicentro AV PANAMERICANA ENTRE CL 11 Y 12Carrefour Pasto Unico CLL 22 6 61 CTO COMERCIAL PASTO UNICO LC 37";Carrefour Pereira AV DEL RIO No. 7-02;;Carrefour Santa Marta CR 14 No 29-116 AV FERROCARRIL CON AV DEL ;;;;;;;;;;;;;;;;;;;;;;;;;;;;;;;;;;;;;;;;;;;;;;;;;;;;;;;;;;;;;;;;;;;;;;;;;;;;;
Salsa De Pescado SQUID 300 ml;;;;Cedi Barranquilla Parque Industrial Malambo PIMSA, Km 3 Via Malambo;Cedi Montevideo Bogota CR 68 D No 21 - 35;;Cedi Zona Cali CR 4 NORTE No 55-51;;;Cedi Vegas Medellin CL 44 SUR No 48-90;;;;;;;;;;;;"Olimpica Armenia Norte CR 14 8 13 STO 355 ARMENIA NORTEOlimpica Armenia CL 19 NORTE No.13-09";"Olimpica Calle 76 CL 76 CR 49C ESQ STO 076Olimpica Calle 84 CL 84 CR 67 ESQOlimpica Calle 98  CL 93 CR 46Olimpica Carrera 53  CR 53 No 82-77Olimpica Villa Campestre CR 51 B 136 STO 051 VILLA CAMPESTRE";"Olimpica Chico 1 CLL 97 10 45Olimpica Chico 2  CRA 15 97 25Olimpica Calle 100 CL 100 30 77Olimpica Colina Campestre CL 138 No 52-03Olimpica Contador AV 19 137 38Olimpica Mazuren Transv 40 No 150-46Olimpica Normandia AV BOYACA No 53-12Olimpica Portal 80  C.C. PORTAL DE LA 80Olimpica Santa Ana CR 7 No 108 44Olimpica Santa Barbara CL 114 No 6A-92Olimpica Sao Plaza de las americas TRANSV 64A No 26-50 SUROlimpica Villa Magdala CL 153 No 40/77Olimpica Castellana CL 95 No 31-01Olimpica Centro Nariño KR 40 No 22C-10Olimpica Chapinero CL 63 A No 16-55Olimpica Kennedy CR 74 No 38-10 SurOlimpica Palatino CR 7 No.139-04";;"Olimpica Los Cristales CR 25 OESTE No 6 120Olimpica Tequendama CL 6A No 43-51Olimpica Av 6A AV 6A NORTE 29 11 STO 572";;;;;;;;;;Olimpica Pereira CR 13 No 36 10;;;;;;;;;;;;;;;;;;;;;;;;;;;;;;;;;;;;;;;;;;;;;;;;;;;;;;;;;;;;;;;;;;;;;;;;;;;;;;;;;;;;;;;;;;;;;;;;;;
Salsa De Soya Regular LEE KUM KEE 500 ml;;;Éxito Unicentro Armenia Carrera 14  #  14 - 34   Centro Comercial Unicentro;"Cedi Barranquilla Parque Industrial Malambo PIMSA, Km 3 Via MalamboÉxito Barranquilla San Blas Cra 41 # 36 - 81 EsquinaÉxito Buenavista Barranquilla Cra 98 con Cra 52 Esquina";"Cedi Montevideo Bogota CR 68 D No 21 - 35Éxito San Martin Cra 7 # 32 - 84 LC 201 y 60Éxito Calle 80 Cra 59 A # 79-30Éxito Country Calle 134 # 9-51Éxito Floresta Cr68 90-88 Éxito Gran Estacion Av La Esperanza # 62 - 49 Éxito Colina Av Boyaca Cra 72 #146 A 25Éxito Niza Cl 120 60-31Éxito Norte Calle 175 - 22 - 13Éxito Unicentro Bogota Cra 15 # 123 - 30 Local 1 - 233Éxito Chapinero Calle 52 # 13 - 70";"Éxito Bucaramanga Cra 17 # 45 - 56 Éxito Oriental Bucaramanga Transversal - Oriental # 92 - 218";"Cedi Zona Cali CR 4 NORTE No 55-51Éxito La Flora Av 3 F Norte # 52 N 46Éxito San Fernando Calle 5 # 38 D 35 Éxito Unicali Centro Comercial Unicentro Local 244. Cra 100 # 5 - 169Éxito Chipichape Av 6 Norte # 38 - 47 ";Éxito San Diego Cartagena Calle la Serrezuela # 10 - 85 San Diego;Éxito San Mateo Cucuta Avenida Demetrio Mendoza Diagonal Santander;"Cedi Vegas Medellin CL 44 SUR No 48-90Éxito Envigado Cra 48 # 34 Sur 29";Éxito Ibague Cra 5 # 80 - 60;"Éxito San Cancio Calle 66, Carrera 28 Esquina, Centro Comercial SanCancioÉxito Manizales Cra 20 # 34 - 18 Cento Comercial Fundadores";"Éxito Colombia Cra 66 # 49 01 Éxito Del Este Cra 25 # 3 - 01 Mall Del EsteÉxito Laureles Cra 81 # 37 - 100Éxito Poblado Calle 10 # 43 E  135Éxito Unicentro Medellin Cra 66 A # 34 A 25";"Éxito Monteria Cra 2 A # 35 - 43Éxito Alamedas Del Sinu Monteria Calle 48 Con Cra 13 y 14 Centro Comercial Alamedas Del Sinu";Éxito San Pedro Neiva Cr8 A 38-42 ;Éxito Pasto Carrera 22 D # 2 - 57 Avenida Panamericana;"Éxito Parque Arboleda Éxito Pereira Cra 10 # 14 - 7 ";Éxito Sabaneta Cra 45 # 4  Sur - 57 ;Éxito Buenavista Santa Marta Calle 32 # 29 A 500;"Éxito Villavicencio Calle 7 A Av 40Éxito Unicentro Villavicencio Av 40 TV 33 Esquina ";;"Olimpica Armenia Norte CR 14 8 13 STO 355 ARMENIA NORTEOlimpica Armenia CL 19 NORTE No.13-09";"Olimpica Calle 76 CL 76 CR 49C ESQ STO 076Olimpica Calle 84 CL 84 CR 67 ESQOlimpica Calle 98  CL 93 CR 46Olimpica Carrera 53  CR 53 No 82-77Olimpica Villa Campestre CR 51 B 136 STO 051 VILLA CAMPESTRE";"Olimpica Autopista Norte km 21 AUTOPISTA NORTEOlimpica Cedritos CL 140 No 23-61Olimpica Chico 1 CLL 97 10 45Olimpica Chico 2  CRA 15 97 25Olimpica Calle 100 CL 100 30 77Olimpica Colina Campestre CL 138 No 52-03Olimpica Contador AV 19 137 38Olimpica Mazuren Transv 40 No 150-46Olimpica Normandia AV BOYACA No 53-12Olimpica Portal 80  C.C. PORTAL DE LA 80Olimpica Santa Ana CR 7 No 108 44Olimpica Santa Barbara CL 114 No 6A-92Olimpica Sao Plaza de las americas TRANSV 64A No 26-50 SUROlimpica Villa Magdala CL 153 No 40/77Olimpica Castellana CL 95 No 31-01Olimpica Centro Nariño KR 40 No 22C-10Olimpica Chapinero CL 63 A No 16-55";;"Olimpica Los Cristales CR 25 OESTE No 6 120Olimpica Tequendama CL 6A No 43-51Olimpica Av 6A AV 6A NORTE 29 11 STO 572";Olimpica Bocagrande  AV 3 No 5-181;;;;Olimpica Av Santander CL 50 No.23-01;;;;;;;;;;;"Carrefour Buenavista  CL 99 CON CR 53Carrefour Cra 56 Barranquilla Cr 56 No. 75-155Carrefour Esquina Americano CR 38 No 74-179Carrefour Cll 30 Barranquilla CL 30 CR 18";Carrefour Simon Bolivar CL 185 No 43-05 LC 167;"Carrefour Los Canayes Av Los Canayes con Bulevar de las CeibasCarrefour Bucaramanga AV QUEBRADA SECA CR 33ACarrefour Cabecera CL 41 No.31-120Carrefour Cañaveral CL 31 No.26-100Carrefour Floridablanca INTERSEC. AUTOP FLORIDABLANCA CON CLL 25";"Carrefour chipichape AV 6 CL 40 NORTE CHIPICHAPECarrefour Salomia CL 70 ENTRE CR 3 y 4D SALOMIA SUR ORIENTALCarrefour Soacha AV SIMON BOLIVAR ENTRE DIAG 65 Y 66Carrefour Valle De Lili CR 98 No. 16-50";Carrefour Caribe Av. El Lago Cl 29D (pie de Popa) Caribe Plaza;"Carrefour Ventura  CL 10 Y 11 DIAG. S/DER VENTURACarrefour Atalayas Cl 8 n No 26-25Carrefour Cucuta  UNICENTRO AV LIBERTADORES";;"Carrefour Calle 19 CL 19 No 3-52Carrefour Ibague CR 5 No 62-64";;"Carrefour De La 65  CL 47B No 65-115Carrefour Las Vegas CR 48 No 25 SUR 136Carrefour Premium Plaza Cr 43A con Cl 30 EsquinaCarrefour Santa Fe Medellin AV Cra 43A No 7 Sur-170  PISO 6";Carrefour Monteria CR 3 con CL 19 y 18;Carrefour Neiva CR 5 ENTRE CL 23 Y 24;"Carrefour Pasto Unicentro AV PANAMERICANA ENTRE CL 11 Y 12Carrefour Pasto Unico CLL 22 6 61 CTO COMERCIAL PASTO UNICO LC 37";"Carrefour Pereira AV DEL RIO No. 7-02Carrefour Unicentro  Av. 30 AGOSTO FRENTE AEROPUERTO";;Carrefour Santa Marta CR 14 No 29-116 AV FERROCARRIL CON AV DEL ;Carrefour Villavicencio CR 39C No 29C-15;;;;;;;;;;;;;;;;;;;;;;;;;;;;;;;;;;;;;;;;;;;;;;;;;;;;;;;;;;;;;;;;;;;;;;;;;;;;
Salsa De Soya Oscura Sabor A Champiñon LEE KUM KEE 500 ml;;;;Cedi Barranquilla Parque Industrial Malambo PIMSA, Km 3 Via Malambo;Cedi Montevideo Bogota CR 68 D No 21 - 35;;;;;Cedi Vegas Medellin CL 44 SUR No 48-90;;;;;;;;;;;;"Olimpica Armenia Norte CR 14 8 13 STO 355 ARMENIA NORTEOlimpica Armenia CL 19 NORTE No.13-09";"Olimpica Calle 76 CL 76 CR 49C ESQ STO 076Olimpica Calle 84 CL 84 CR 67 ESQOlimpica Calle 98  CL 93 CR 46Olimpica Carrera 53  CR 53 No 82-77Olimpica Villa Campestre CR 51 B 136 STO 051 VILLA CAMPESTRE";"Olimpica Autopista Norte km 21 AUTOPISTA NORTEOlimpica Cedritos CL 140 No 23-61Olimpica Chico 1 CLL 97 10 45Olimpica Chico 2  CRA 15 97 25Olimpica Calle 100 CL 100 30 77Olimpica Colina Campestre CL 138 No 52-03Olimpica Contador AV 19 137 38Olimpica Mazuren Transv 40 No 150-46Olimpica Normandia AV BOYACA No 53-12Olimpica Portal 80  C.C. PORTAL DE LA 80Olimpica Santa Ana CR 7 No 108 44Olimpica Santa Barbara CL 114 No 6A-92Olimpica Sao Plaza de las americas TRANSV 64A No 26-50 SUROlimpica Villa Magdala CL 153 No 40/77Olimpica Castellana CL 95 No 31-01Olimpica Centro Nariño KR 40 No 22C-10Olimpica Chapinero CL 63 A No 16-55Olimpica Kennedy CR 74 No 38-10 SurOlimpica Palatino CR 7 No.139-04Olimpica Rosales  CR 7 No 82-82";;"Olimpica Los Cristales CR 25 OESTE No 6 120Olimpica Tequendama CL 6A No 43-51Olimpica Av 6A AV 6A NORTE 29 11 STO 572";Olimpica Bocagrande  AV 3 No 5-181;;;;Olimpica Av Santander CL 50 No.23-01;Olimpica San Lucas CR 34 No 16A SUR 241;;;;Olimpica Pereira CR 13 No 36 10;;;;;;"Carrefour Buenavista  CL 99 CON CR 53Carrefour Cra 56 Barranquilla Cr 56 No. 75-155Carrefour Esquina Americano CR 38 No 74-179";Carrefour Simon Bolivar CL 185 No 43-05 LC 167;"Carrefour Bucaramanga AV QUEBRADA SECA CR 33ACarrefour Cabecera CL 41 No.31-120Carrefour Cañaveral CL 31 No.26-100Carrefour Floridablanca INTERSEC. AUTOP FLORIDABLANCA CON CLL 25";"Carrefour chipichape AV 6 CL 40 NORTE CHIPICHAPECarrefour Salomia CL 70 ENTRE CR 3 y 4D SALOMIA SUR ORIENTALCarrefour Soacha AV SIMON BOLIVAR ENTRE DIAG 65 Y 66Carrefour Valle De Lili CR 98 No. 16-50Carrefour Premier Limonar CL 5A No 69-03 (ANTIGUO AUTOCINE)";Carrefour Caribe Av. El Lago Cl 29D (pie de Popa) Caribe Plaza;;;"Carrefour Calle 19 CL 19 No 3-52Carrefour Ibague CR 5 No 62-64";;"Carrefour De La 65  CL 47B No 65-115Carrefour Las Vegas CR 48 No 25 SUR 136Carrefour Premium Plaza Cr 43A con Cl 30 EsquinaCarrefour Santa Fe Medellin AV Cra 43A No 7 Sur-170  PISO 6";;;Carrefour Pasto Unicentro AV PANAMERICANA ENTRE CL 11 Y 12;"Carrefour Pereira AV DEL RIO No. 7-02Carrefour Unicentro  Av. 30 AGOSTO FRENTE AEROPUERTO";;Carrefour Santa Marta CR 14 No 29-116 AV FERROCARRIL CON AV DEL ;Carrefour Villavicencio CR 39C No 29C-15;;;;;;;;;;;;;;;;;;;;;;;;;;;;;;;;;;;;;;;;;;;;;;;;;;;;;;;;;;;;;;;;;;;;;;;;;;;;
Salsa Soya Tradicional  SAKURA 1 lt;;;;Cedi Barranquilla Parque Industrial Malambo PIMSA, Km 3 Via Malambo;Cedi Montevideo Bogota CR 68 D No 21 - 35;;Cedi Zona Cali CR 4 NORTE No 55-51;;;Cedi Vegas Medellin CL 44 SUR No 48-90;;;;;;;;;;;;"Olimpica Armenia Norte CR 14 8 13 STO 355 ARMENIA NORTEOlimpica Armenia CL 19 NORTE No.13-09si";"Olimpica Calle 76 CL 76 CR 49C ESQ STO 076Olimpica Calle 84 CL 84 CR 67 ESQOlimpica Calle 98  CL 93 CR 46Olimpica Carrera 53  CR 53 No 82-77";"Olimpica Autopista Norte km 21 AUTOPISTA NORTEOlimpica Cedritos CL 140 No 23-61Olimpica Chico 1 CLL 97 10 45Olimpica Chico 2  CRA 15 97 25Olimpica Calle 100 CL 100 30 77Olimpica Colina Campestre CL 138 No 52-03Olimpica Contador AV 19 137 38Olimpica Mazuren Transv 40 No 150-46Olimpica Normandia AV BOYACA No 53-12Olimpica Portal 80  C.C. PORTAL DE LA 80Olimpica Santa Ana CR 7 No 108 44Olimpica Santa Barbara CL 114 No 6A-92Olimpica Sao Plaza de las americas TRANSV 64A No 26-50 SUROlimpica Villa Magdala CL 153 No 40/77Olimpica Castellana CL 95 No 31-01Olimpica Centro Nariño KR 40 No 22C-10Olimpica Chapinero CL 63 A No 16-55Olimpica Kennedy CR 74 No 38-10 SurOlimpica Palatino CR 7 No.139-04Olimpica Rosales  CR 7 No 82-82Olimpica Santa isabel AV 3 No 29-69";;"Olimpica Los Cristales CR 25 OESTE No 6 120Olimpica Tequendama CL 6A No 43-51Olimpica Av 6A AV 6A NORTE 29 11 STO 572";;;;;;;;;;;;;;;;"Carrefour Buenavista  CL 99 CON CR 53Carrefour Cra 56 Barranquilla Cr 56 No. 75-155Carrefour Esquina Americano CR 38 No 74-179";Carrefour Simon Bolivar CL 185 No 43-05 LC 167;"Carrefour Los Canayes Av Los Canayes con Bulevar de las CeibasCarrefour Bucaramanga AV QUEBRADA SECA CR 33ACarrefour Cabecera CL 41 No.31-120Carrefour Cañaveral CL 31 No.26-100Carrefour Floridablanca INTERSEC. AUTOP FLORIDABLANCA CON CLL 25";"Carrefour chipichape AV 6 CL 40 NORTE CHIPICHAPECarrefour Salomia CL 70 ENTRE CR 3 y 4D SALOMIA SUR ORIENTALCarrefour Soacha AV SIMON BOLIVAR ENTRE DIAG 65 Y 66Carrefour Valle De Lili CR 98 No. 16-50Carrefour Premier Limonar CL 5A No 69-03 (ANTIGUO AUTOCINE)";Carrefour Caribe Av. El Lago Cl 29D (pie de Popa) Caribe Plaza;"Carrefour Ventura  CL 10 Y 11 DIAG. S/DER VENTURACarrefour Atalayas Cl 8 n No 26-25Carrefour Cucuta  UNICENTRO AV LIBERTADORES";;"Carrefour Calle 19 CL 19 No 3-52Carrefour Ibague CR 5 No 62-64";;"Carrefour De La 65  CL 47B No 65-115Carrefour Las Vegas CR 48 No 25 SUR 136Carrefour Premium Plaza Cr 43A con Cl 30 Esquina";Carrefour Monteria CR 3 con CL 19 y 18;Carrefour Neiva CR 5 ENTRE CL 23 Y 24;"Carrefour Pasto Unicentro AV PANAMERICANA ENTRE CL 11 Y 12Carrefour Pasto Unico CLL 22 6 61 CTO COMERCIAL PASTO UNICO LC 37";"Carrefour Pereira AV DEL RIO No. 7-02Carrefour Unicentro  Av. 30 AGOSTO FRENTE AEROPUERTO";;Carrefour Santa Marta CR 14 No 29-116 AV FERROCARRIL CON AV DEL ;Carrefour Villavicencio CR 39C No 29C-15;;;;;;;;;;;;;;;;;;;;;;;;;;;;;;;;;;;;;;;;;;;;;;;;;;;;;;;;;;;;;;;;;;;;;;;;;;;;
Salsa De Soya Premium Oscura LEE KUM KEE 500 ml;;;Éxito Unicentro Armenia Carrera 14  #  14 - 34   Centro Comercial Unicentro;"Éxito Barranquilla San Blas Cra 41 # 36 - 81 EsquinaÉxito Buenavista Barranquilla Cra 98 con Cra 52 EsquinaCedi Barranquilla Parque Industrial Malambo PIMSA, Km 3 Via Malambo";"Éxito San Martin Cra 7 # 32 - 84 LC 201 y 60Éxito Calle 80 Cra 59 A # 79-30Éxito Country Calle 134 # 9-51Éxito Floresta Cr68 90-88 Éxito Gran Estacion Av La Esperanza # 62 - 49 Éxito Colina Av Boyaca Cra 72 #146 A 25Éxito Niza Cl 120 60-31Éxito Norte Calle 175 - 22 - 13Éxito Unicentro Bogota Cra 15 # 123 - 30 Local 1 - 233Éxito Chapinero Calle 52 # 13 - 70Cedi Montevideo Bogota CR 68 D No 21 - 35";"Éxito Bucaramanga Cra 17 # 45 - 56 Éxito Oriental Bucaramanga Transversal - Oriental # 92 - 218";"Éxito La Flora Av 3 F Norte # 52 N 46Éxito San Fernando Calle 5 # 38 D 35 Éxito Unicali Centro Comercial Unicentro Local 244. Cra 100 # 5 - 169Cedi Zona Cali CR 4 NORTE No 55-51";Éxito San Diego Cartagena Calle la Serrezuela # 10 - 85 San Diego;Éxito San Mateo Cucuta Avenida Demetrio Mendoza Diagonal Santander;"Éxito Envigado Cra 48 # 34 Sur 29Cedi Vegas Medellin CL 44 SUR No 48-90";Éxito Ibague Cra 5 # 80 - 60;"Éxito San Cancio Calle 66, Carrera 28 Esquina, Centro Comercial SanCancioÉxito Manizales Cra 20 # 34 - 18 Cento Comercial Fundadores";"Éxito Colombia Cra 66 # 49 01 Éxito Del Este Cra 25 # 3 - 01 Mall Del EsteÉxito Laureles Cra 81 # 37 - 100Éxito Poblado Calle 10 # 43 E  135Éxito Unicentro Medellin Cra 66 A # 34 A 25";"Éxito Monteria Cra 2 A # 35 - 43Éxito Alamedas Del Sinu Monteria Calle 48 Con Cra 13 y 14 Centro Comercial Alamedas Del Sinu";Éxito San Pedro Neiva Cr8 A 38-42 ;Éxito Pasto Carrera 22 D # 2 - 57 Avenida Panamericana;"Éxito Parque Arboleda Éxito Pereira Cra 10 # 14 - 7 ";Éxito Sabaneta Cra 45 # 4  Sur - 57 ;Éxito Buenavista Santa Marta Calle 32 # 29 A 500;"Éxito Villavicencio Calle 7 A Av 40Éxito Unicentro Villavicencio Av 40 TV 33 Esquina ";;;;"Olimpica Autopista Norte km 21 AUTOPISTA NORTEOlimpica Cedritos CL 140 No 23-61Olimpica Chico 1 CLL 97 10 45Olimpica Chico 2  CRA 15 97 25Olimpica Calle 100 CL 100 30 77Olimpica Colina Campestre CL 138 No 52-03Olimpica Contador AV 19 137 38Olimpica Mazuren Transv 40 No 150-46Olimpica Normandia AV BOYACA No 53-12Olimpica Portal 80  C.C. PORTAL DE LA 80Olimpica Santa Ana CR 7 No 108 44Olimpica Santa Barbara CL 114 No 6A-92Olimpica Sao Plaza de las americas TRANSV 64A No 26-50 SUROlimpica Villa Magdala CL 153 No 40/77Olimpica Castellana CL 95 No 31-01Olimpica Centro Nariño KR 40 No 22C-10Olimpica Chapinero CL 63 A No 16-55Olimpica Kennedy CR 74 No 38-10 SurOlimpica Palatino CR 7 No.139-04Olimpica Rosales  CR 7 No 82-82Olimpica Santa isabel AV 3 No 29-69";;;;;;;;;;;;;;;;;;;;;;;;;;;;;;;;;;;;;;;;;;;;;;;;;;;;;;;;;;;;;;;;;;;;;;;;;;;;;;;;;;;;;;;;;;;;;;;;;;;;;;;;;;;;;;
Salsa Soya Tradicional SAKURA 500 ml;;;;Cedi Barranquilla Parque Industrial Malambo PIMSA, Km 3 Via Malambo;Cedi Montevideo Bogota CR 68 D No 21 - 35;;Cedi Zona Cali CR 4 NORTE No 55-51;;;Cedi Vegas Medellin CL 44 SUR No 48-90;;;;;;;;;;;;Olimpica Armenia Norte CR 14 8 13 STO 355 ARMENIA NORTE;"Olimpica Calle 76 CL 76 CR 49C ESQ STO 076Olimpica Calle 84 CL 84 CR 67 ESQOlimpica Calle 98  CL 93 CR 46Olimpica Carrera 53  CR 53 No 82-77Olimpica Villa Campestre CR 51 B 136 STO 051 VILLA CAMPESTRE";"Olimpica Autopista Norte km 21 AUTOPISTA NORTEOlimpica Cedritos CL 140 No 23-61Olimpica Chico 1 CLL 97 10 45Olimpica Chico 2  CRA 15 97 25Olimpica Calle 100 CL 100 30 77Olimpica Colina Campestre CL 138 No 52-03Olimpica Contador AV 19 137 38Olimpica Mazuren Transv 40 No 150-46Olimpica Normandia AV BOYACA No 53-12Olimpica Portal 80  C.C. PORTAL DE LA 80Olimpica Santa Ana CR 7 No 108 44Olimpica Santa Barbara CL 114 No 6A-92Olimpica Sao Plaza de las americas TRANSV 64A No 26-50 SUROlimpica Villa Magdala CL 153 No 40/77Olimpica Castellana CL 95 No 31-01Olimpica Centro Nariño KR 40 No 22C-10Olimpica Chapinero CL 63 A No 16-55Olimpica Kennedy CR 74 No 38-10 SurOlimpica Palatino CR 7 No.139-04Olimpica Rosales  CR 7 No 82-82";;"Olimpica Los Cristales CR 25 OESTE No 6 120Olimpica Tequendama CL 6A No 43-51Olimpica Av 6A AV 6A NORTE 29 11 STO 572";Olimpica Bocagrande  AV 3 No 5-181;;;;;;;;;Olimpica Pereira CR 13 No 36 10;;;;;;"Carrefour Buenavista  CL 99 CON CR 53Carrefour Cra 56 Barranquilla Cr 56 No. 75-155Carrefour Esquina Americano CR 38 No 74-179";Carrefour Simon Bolivar CL 185 No 43-05 LC 167;"Carrefour Los Canayes Av Los Canayes con Bulevar de las CeibasCarrefour Bucaramanga AV QUEBRADA SECA CR 33ACarrefour Cabecera CL 41 No.31-120Carrefour Cañaveral CL 31 No.26-100Carrefour Floridablanca INTERSEC. AUTOP FLORIDABLANCA CON CLL 25";"Carrefour chipichape AV 6 CL 40 NORTE CHIPICHAPECarrefour Salomia CL 70 ENTRE CR 3 y 4D SALOMIA SUR ORIENTALCarrefour Soacha AV SIMON BOLIVAR ENTRE DIAG 65 Y 66Carrefour Valle De Lili CR 98 No. 16-50Carrefour Premier Limonar CL 5A No 69-03 (ANTIGUO AUTOCINE)";Carrefour Caribe Av. El Lago Cl 29D (pie de Popa) Caribe Plaza;"Carrefour Ventura  CL 10 Y 11 DIAG. S/DER VENTURACarrefour Atalayas Cl 8 n No 26-25Carrefour Cucuta  UNICENTRO AV LIBERTADORES";;"Carrefour Calle 19 CL 19 No 3-52Carrefour Ibague CR 5 No 62-64";;"Carrefour De La 65  CL 47B No 65-115Carrefour Las Vegas CR 48 No 25 SUR 136Carrefour Premium Plaza Cr 43A con Cl 30 Esquina";Carrefour Monteria CR 3 con CL 19 y 18;Carrefour Neiva CR 5 ENTRE CL 23 Y 24;"Carrefour Pasto Unicentro AV PANAMERICANA ENTRE CL 11 Y 12Carrefour Pasto Unico CLL 22 6 61 CTO COMERCIAL PASTO UNICO LC 37";"Carrefour Pereira AV DEL RIO No. 7-02Carrefour Unicentro  Av. 30 AGOSTO FRENTE AEROPUERTO";;Carrefour Santa Marta CR 14 No 29-116 AV FERROCARRIL CON AV DEL ;Carrefour Villavicencio CR 39C No 29C-15;;;;;;;;;;;;;;;;;;;;;;;;;;;;;;;;;;;;;;;;;;;;;;;;;;;;;;;;;;;;;;;;;;;;;;;;;;;;
Salsa Hoisin LEE KUM KEE 240 g;;;Éxito Unicentro Armenia Carrera 14  #  14 - 34   Centro Comercial Unicentro;"Éxito Barranquilla San Blas Cra 41 # 36 - 81 EsquinaÉxito Buenavista Barranquilla Cra 98 con Cra 52 EsquinaCedi Barranquilla Parque Industrial Malambo PIMSA, Km 3 Via Malambo";"Éxito San Martin Cra 7 # 32 - 84 LC 201 y 60Éxito Calle 80 Cra 59 A # 79-30Éxito Country Calle 134 # 9-51Éxito Floresta Cr68 90-88 Éxito Gran Estacion Av La Esperanza # 62 - 49 Éxito Colina Av Boyaca Cra 72 #146 A 25Éxito Niza Cl 120 60-31Éxito Norte Calle 175 - 22 - 13Éxito Unicentro Bogota Cra 15 # 123 - 30 Local 1 - 233Éxito Chapinero Calle 52 # 13 - 70Cedi Montevideo Bogota CR 68 D No 21 - 35";"Éxito Bucaramanga Cra 17 # 45 - 56 Éxito Oriental Bucaramanga Transversal - Oriental # 92 - 218";"Éxito La Flora Av 3 F Norte # 52 N 46Éxito San Fernando Calle 5 # 38 D 35 Éxito Unicali Centro Comercial Unicentro Local 244. Cra 100 # 5 - 169Éxito Chipichape Av 6 Norte # 38 - 47 Cedi Zona Cali CR 4 NORTE No 55-51";Éxito San Diego Cartagena Calle la Serrezuela # 10 - 85 San Diego;Éxito San Mateo Cucuta Avenida Demetrio Mendoza Diagonal Santander;"Éxito Envigado Cra 48 # 34 Sur 29Cedi Vegas Medellin CL 44 SUR No 48-90";Éxito Ibague Cra 5 # 80 - 60;"Éxito San Cancio Calle 66, Carrera 28 Esquina, Centro Comercial SanCancioÉxito Manizales Cra 20 # 34 - 18 Cento Comercial Fundadores";"Éxito Colombia Cra 66 # 49 01 Éxito Del Este Cra 25 # 3 - 01 Mall Del EsteÉxito Laureles Cra 81 # 37 - 100Éxito Poblado Calle 10 # 43 E  135Éxito Unicentro Medellin Cra 66 A # 34 A 25";"Éxito Monteria Cra 2 A # 35 - 43Éxito Alamedas Del Sinu Monteria Calle 48 Con Cra 13 y 14 Centro Comercial Alamedas Del Sinu";Éxito San Pedro Neiva Cr8 A 38-42 ;Éxito Pasto Carrera 22 D # 2 - 57 Avenida Panamericana;"Éxito Parque Arboleda Éxito Pereira Cra 10 # 14 - 7 ";Éxito Sabaneta Cra 45 # 4  Sur - 57 ;Éxito Buenavista Santa Marta Calle 32 # 29 A 500;"Éxito Villavicencio Calle 7 A Av 40Éxito Unicentro Villavicencio Av 40 TV 33 Esquina ";;"Olimpica Armenia Norte CR 14 8 13 STO 355 ARMENIA NORTEOlimpica Armenia CL 19 NORTE No.13-09";"Olimpica Calle 84 CL 84 CR 67 ESQOlimpica Calle 98  CL 93 CR 46Olimpica Carrera 53  CR 53 No 82-77Olimpica Villa Campestre CR 51 B 136 STO 051 VILLA CAMPESTRE";Olimpica Colina Campestre CL 138 No 52-03;;"Olimpica Los Cristales CR 25 OESTE No 6 120Olimpica Tequendama CL 6A No 43-51Olimpica Av 6A AV 6A NORTE 29 11 STO 572";Olimpica Bocagrande  AV 3 No 5-181;;;;Olimpica Av Santander CL 50 No.23-01;;;;;;;;;;;"Carrefour Buenavista  CL 99 CON CR 53Carrefour Cra 56 Barranquilla Cr 56 No. 75-155Carrefour Esquina Americano CR 38 No 74-179";Carrefour Simon Bolivar CL 185 No 43-05 LC 167;;"Carrefour Salomia CL 70 ENTRE CR 3 y 4D SALOMIA SUR ORIENTALCarrefour Soacha AV SIMON BOLIVAR ENTRE DIAG 65 Y 66Carrefour Valle De Lili CR 98 No. 16-50";Carrefour Caribe Av. El Lago Cl 29D (pie de Popa) Caribe Plaza;;;Carrefour Calle 19 CL 19 No 3-52;;"Carrefour De La 65  CL 47B No 65-115Carrefour Las Vegas CR 48 No 25 SUR 136Carrefour Premium Plaza Cr 43A con Cl 30 Esquina";;;;;;Carrefour Santa Marta CR 14 No 29-116 AV FERROCARRIL CON AV DEL ;;;;;;;;;;;;;;;;;;;;;;;;;;;;;;;;;;;;;;;;;;;;;;;;;;;;;;;;;;;;;;;;;;;;;;;;;;;;;
Pasta Curry Suave PATAK'S 283 g;;;Éxito Unicentro Armenia Carrera 14  #  14 - 34   Centro Comercial Unicentro;"Éxito Barranquilla San Blas Cra 41 # 36 - 81 EsquinaÉxito Buenavista Barranquilla Cra 98 con Cra 52 EsquinaCedi Barranquilla Parque Industrial Malambo PIMSA, Km 3 Via Malambo";"Éxito San Martin Cra 7 # 32 - 84 LC 201 y 60Éxito Calle 80 Cra 59 A # 79-30Éxito Country Calle 134 # 9-51Éxito Floresta Cr68 90-88 Éxito Gran Estacion Av La Esperanza # 62 - 49 Éxito Colina Av Boyaca Cra 72 #146 A 25Éxito Niza Cl 120 60-31Éxito Norte Calle 175 - 22 - 13Éxito Unicentro Bogota Cra 15 # 123 - 30 Local 1 - 233Éxito Chapinero Calle 52 # 13 - 70Cedi Montevideo Bogota CR 68 D No 21 - 35Éxito Modelia Cr75 23 F-30 Éxito  Salitre Cra 68 B # 40 A - 60 ";"Éxito Bucaramanga Cra 17 # 45 - 56 Éxito Oriental Bucaramanga Transversal - Oriental # 92 - 218";"Éxito La Flora Av 3 F Norte # 52 N 46Éxito San Fernando Calle 5 # 38 D 35 Éxito Unicali Centro Comercial Unicentro Local 244. Cra 100 # 5 - 169Éxito Chipichape Av 6 Norte # 38 - 47 Cedi Zona Cali CR 4 NORTE No 55-51";Éxito San Diego Cartagena Calle la Serrezuela # 10 - 85 San Diego;Éxito San Mateo Cucuta Avenida Demetrio Mendoza Diagonal Santander;"Éxito Envigado Cra 48 # 34 Sur 29Cedi Vegas Medellin CL 44 SUR No 48-90";Éxito Ibague Cra 5 # 80 - 60;"Éxito San Cancio Calle 66, Carrera 28 Esquina, Centro Comercial SanCancioÉxito Manizales Cra 20 # 34 - 18 Cento Comercial Fundadores";"Éxito Colombia Cra 66 # 49 01 Éxito Del Este Cra 25 # 3 - 01 Mall Del EsteÉxito Laureles Cra 81 # 37 - 100Éxito Poblado Calle 10 # 43 E  135Éxito Unicentro Medellin Cra 66 A # 34 A 25";"Éxito Monteria Cra 2 A # 35 - 43Éxito Alamedas Del Sinu Monteria Calle 48 Con Cra 13 y 14 Centro Comercial Alamedas Del Sinu";Éxito San Pedro Neiva Cr8 A 38-42 ;Éxito Pasto Carrera 22 D # 2 - 57 Avenida Panamericana;"Éxito Parque Arboleda Éxito Pereira Cra 10 # 14 - 7 ";Éxito Sabaneta Cra 45 # 4  Sur - 57 ;Éxito Buenavista Santa Marta Calle 32 # 29 A 500;"Éxito Villavicencio Calle 7 A Av 40Éxito Unicentro Villavicencio Av 40 TV 33 Esquina ";;;;;;;;;;;;;;;;;;;;;;;;;;;;;;;;;;;;;;;;;;;;;;;;;;;;;;;;;;;;;;;;;;;;;;;;;;;;;;;;;;;;;;;;;;;;;;;;;;;;;;;;;;;;;;;;;;
Tallarines de Arroz  3 mm BEST CHOICE 400 g;;;Éxito Unicentro Armenia Carrera 14  #  14 - 34   Centro Comercial Unicentro;"Éxito Murillo Barranquilla Calle 45 Cra 27 EsquinaÉxito San Francisco Barranquilla Cra 38 # 70 B 177Éxito Barranquilla San Blas Cra 41 # 36 - 81 EsquinaÉxito Buenavista Barranquilla Cra 98 con Cra 52 EsquinaCedi Barranquilla Parque Industrial Malambo PIMSA, Km 3 Via Malambo";"Éxito Alamos Bogota Cra. 68 B 40 A 60Éxito Americas Av De Las Americas # 68 A - 94Éxito Nuevo Kennedy Cr78 K 37 A-53 Sur Éxito Occidente Calle 114 A # 78 B 85Éxito Suba Calle 145 # 105 B 58 Éxito Villa Mayor Autopista Sur - Calle 38 A Sur 07Éxito San Martin Cra 7 # 32 - 84 LC 201 y 60Éxito Calle 80 Cra 59 A # 79-30Éxito Country Calle 134 # 9-51Éxito Floresta Cr68 90-88 Éxito Gran Estacion Av La Esperanza # 62 - 49 Éxito Colina Av Boyaca Cra 72 #146 A 25Éxito Niza Cl 120 60-31Éxito Norte Calle 175 - 22 - 13Cedi Montevideo Bogota CR 68 D No 21 - 35Éxito  Salitre Cra 68 B # 40 A - 60 ";"Éxito Bucaramanga Cabecera Cra 35 A # 49 - 27Éxito Cañaveral Florida Blanca Centro Comercial Cañaveral local 100Éxito Bucaramanga Cra 17 # 45 - 56 Éxito Oriental Bucaramanga Transversal - Oriental # 92 - 218Éxito Buenaventura Calle 2 # 66 - 80 Km 11 Via Cabal Pombo Buenaventura";"Éxito La Flora Av 3 F Norte # 52 N 46Éxito San Fernando Calle 5 # 38 D 35 Éxito Unicali Centro Comercial Unicentro Local 244. Cra 100 # 5 - 169Éxito Chipichape Av 6 Norte # 38 - 47 Cedi Zona Cali CR 4 NORTE No 55-51";"Éxito Castellana Cartagena Avenida Pedro De Heredia Sector Villa Sandra # 30 - 14Éxito San Diego Cartagena Calle la Serrezuela # 10 - 85 San Diego";Éxito San Mateo Cucuta Avenida Demetrio Mendoza Diagonal Santander;"Éxito Envigado Cra 48 # 34 Sur 29Cedi Vegas Medellin CL 44 SUR No 48-90";Éxito Ibague Cra 5 # 80 - 60;"Éxito San Cancio Calle 66, Carrera 28 Esquina, Centro Comercial SanCancioÉxito Manizales Cra 20 # 34 - 18 Cento Comercial Fundadores";"Éxito Molinos Calle 30 A # 82 A - 50 Centro Comercial Los Molinos Local 119Éxito Robledo Cra  80 # 64 - 61Éxito Colombia Cra 66 # 49 01 Éxito Del Este Cra 25 # 3 - 01 Mall Del EsteÉxito Laureles Cra 81 # 37 - 100Éxito Poblado Calle 10 # 43 E  135Éxito Unicentro Medellin Cra 66 A # 34 A 25";Éxito Alamedas Del Sinu Monteria Calle 48 Con Cra 13 y 14 Centro Comercial Alamedas Del Sinu;Éxito San Pedro Neiva Cr8 A 38-42 ;Éxito Pasto Carrera 22 D # 2 - 57 Avenida Panamericana;"Éxito Parque Arboleda Éxito Pereira Cra 10 # 14 - 7 ";Éxito Sabaneta Cra 45 # 4  Sur - 57 ;"Éxito Santa Marta Cra 5 # 19 - 20Éxito Buenavista Santa Marta Calle 32 # 29 A 500";"Éxito Villavicencio Calle 7 A Av 40Éxito Unicentro Villavicencio Av 40 TV 33 Esquina ";;"Olimpica Armenia Norte CR 14 8 13 STO 355 ARMENIA NORTEOlimpica Armenia CL 19 NORTE No.13-09Olimpica Portal Del Quindio CL 19 NORTE 13 09 SAO 358 PORTAL DEL ";"Olimpica Calle 76 CL 76 CR 49C ESQ STO 076Olimpica Calle 84 CL 84 CR 67 ESQOlimpica Calle 98  CL 93 CR 46Olimpica Carrera 53  CR 53 No 82-77Olimpica Villa Campestre CR 51 B 136 STO 051 VILLA CAMPESTRE";"Olimpica Autopista Norte km 21 AUTOPISTA NORTEOlimpica Cedritos CL 140 No 23-61Olimpica Chico 1 CLL 97 10 45Olimpica Chico 2  CRA 15 97 25Olimpica Calle 100 CL 100 30 77Olimpica Colina Campestre CL 138 No 52-03Olimpica Contador AV 19 137 38Olimpica Mazuren Transv 40 No 150-46Olimpica Normandia AV BOYACA No 53-12Olimpica Portal 80  C.C. PORTAL DE LA 80Olimpica Santa Ana CR 7 No 108 44Olimpica Santa Barbara CL 114 No 6A-92Olimpica Sao Plaza de las americas TRANSV 64A No 26-50 SUROlimpica Villa Magdala CL 153 No 40/77Olimpica Castellana CL 95 No 31-01Olimpica Centro Nariño KR 40 No 22C-10Olimpica Chapinero CL 63 A No 16-55Olimpica Kennedy CR 74 No 38-10 SurOlimpica Palatino CR 7 No.139-04Olimpica Rosales  CR 7 No 82-82Olimpica Santa isabel AV 3 No 29-69";;"Olimpica Los Cristales CR 25 OESTE No 6 120Olimpica Tequendama CL 6A No 43-51Olimpica Av 6A AV 6A NORTE 29 11 STO 572";;;;;Olimpica Av Santander CL 50 No.23-01;;;;;Olimpica Pereira CR 13 No 36 10;;;;;;"Carrefour Buenavista  CL 99 CON CR 53Carrefour Cra 56 Barranquilla Cr 56 No. 75-155Carrefour Esquina Americano CR 38 No 74-179";Carrefour Simon Bolivar CL 185 No 43-05 LC 167;"Carrefour Los Canayes Av Los Canayes con Bulevar de las CeibasCarrefour Bucaramanga AV QUEBRADA SECA CR 33ACarrefour Cabecera CL 41 No.31-120Carrefour Cañaveral CL 31 No.26-100Carrefour Floridablanca INTERSEC. AUTOP FLORIDABLANCA CON CLL 25";"Carrefour chipichape AV 6 CL 40 NORTE CHIPICHAPECarrefour Salomia CL 70 ENTRE CR 3 y 4D SALOMIA SUR ORIENTALCarrefour Soacha AV SIMON BOLIVAR ENTRE DIAG 65 Y 66Carrefour Valle De Lili CR 98 No. 16-50";Carrefour Caribe Av. El Lago Cl 29D (pie de Popa) Caribe Plaza;"Carrefour Ventura  CL 10 Y 11 DIAG. S/DER VENTURACarrefour Atalayas Cl 8 n No 26-25Carrefour Cucuta  UNICENTRO AV LIBERTADORES";;"Carrefour Calle 19 CL 19 No 3-52Carrefour Ibague CR 5 No 62-64";;"Carrefour De La 65  CL 47B No 65-115Carrefour Las Vegas CR 48 No 25 SUR 136Carrefour Premium Plaza Cr 43A con Cl 30 EsquinaCarrefour Santa Fe Medellin AV Cra 43A No 7 Sur-170  PISO 6";Carrefour Monteria CR 3 con CL 19 y 18;Carrefour Neiva CR 5 ENTRE CL 23 Y 24;"Carrefour Pasto Unicentro AV PANAMERICANA ENTRE CL 11 Y 12Carrefour Pasto Unico CLL 22 6 61 CTO COMERCIAL PASTO UNICO LC 37";"Carrefour Pereira AV DEL RIO No. 7-02Carrefour Unicentro  Av. 30 AGOSTO FRENTE AEROPUERTO";;Carrefour Santa Marta CR 14 No 29-116 AV FERROCARRIL CON AV DEL ;Carrefour Villavicencio CR 39C No 29C-15;;;;;;;;;;;;;;;;;;;;;;;;;;;;;;;;;;;;;;;;;;;;;;;;;;;;;;;;;;;;;;;;;;;;;;;;;;;;
Manjo Mirin KIKKOMAN 375 ml;;;;;"Éxito Alamos Bogota Cra. 68 B 40 A 60Éxito Americas Av De Las Americas # 68 A - 94Éxito Calle 80 Cra 59 A # 79-30Éxito Country Calle 134 # 9-51Éxito Floresta Cr68 90-88 Éxito Gran Estacion Av La Esperanza # 62 - 49 Éxito Colina Av Boyaca Cra 72 #146 A 25Éxito Niza Cl 120 60-31Éxito Norte Calle 175 - 22 - 13Éxito  Salitre Cra 68 B # 40 A - 60 Éxito Unicentro Bogota Cra 15 # 123 - 30 Local 1 - 233";;;;;;;;Éxito Del Este Cra 25 # 3 - 01 Mall Del Este;;;;;;;;;;;;;;;;;;;;;;;;;;;;;;;;;;;;;;;;;;;;;;;;;;;;;;;;;;;;;;;;;;;;;;;;;;;;;;;;;;;;;;;;;;;;;;;;;;;;;;;;;;;;;;;;;;;;;;;;;
Sake Dry OZEKI 750 ml;;;;;"Éxito Calle 80 Cra 59 A # 79-30Éxito Country Calle 134 # 9-51Éxito Floresta Cr68 90-88 Éxito Gran Estacion Av La Esperanza # 62 - 49 Éxito Colina Av Boyaca Cra 72 #146 A 25Éxito Niza Cl 120 60-31Éxito Norte Calle 175 - 22 - 13Éxito  Salitre Cra 68 B # 40 A - 60 Éxito Unicentro Bogota Cra 15 # 123 - 30 Local 1 - 233Éxito San Martin Cra 7 # 32 - 84 LC 201 y 60Éxito Chapinero Calle 52 # 13 - 70";;;;;Éxito Envigado Cra 48 # 34 Sur 29;;;"Éxito Del Este Cra 25 # 3 - 01 Mall Del EsteÉxito Colombia Cra 66 # 49 01 Éxito Laureles Cra 81 # 37 - 100Éxito Poblado Calle 10 # 43 E  135";;;;;;;;;;;;;;;;;;;;;;;;;;;;;;;;;;;;;;;;;;;;;;;;;;;;;;;;;;;;;;;;;;;;;;;;;;;;;;;;;;;;;;;;;;;;;;;;;;;;;;;;;;;;;;;;;;;;;;;;;
Sake Dry OZEKI 180 ml;;;;;"Éxito Calle 80 Cra 59 A # 79-30Éxito Country Calle 134 # 9-51Éxito Floresta Cr68 90-88 Éxito Gran Estacion Av La Esperanza # 62 - 49 Éxito Colina Av Boyaca Cra 72 #146 A 25Éxito Niza Cl 120 60-31Éxito Norte Calle 175 - 22 - 13Éxito  Salitre Cra 68 B # 40 A - 60 Éxito Unicentro Bogota Cra 15 # 123 - 30 Local 1 - 233Éxito San Martin Cra 7 # 32 - 84 LC 201 y 60Éxito Chapinero Calle 52 # 13 - 70";;;;;Éxito Envigado Cra 48 # 34 Sur 29;;;"Éxito Del Este Cra 25 # 3 - 01 Mall Del EsteÉxito Colombia Cra 66 # 49 01 Éxito Laureles Cra 81 # 37 - 100Éxito Poblado Calle 10 # 43 E  135";;;;;;;;;;;;;;;;;;;;;;;;;;;;;;;;;;;;;;;;;;;;;;;;;;;;;;;;;;;;;;;;;;;;;;;;;;;;;;;;;;;;;;;;;;;;;;;;;;;;;;;;;;;;;;;;;;;;;;;;;
Sake Regular OZEKI 750 ml;;;;;"Éxito Calle 80 Cra 59 A # 79-30Éxito Floresta Cr68 90-88 Éxito Gran Estacion Av La Esperanza # 62 - 49 Éxito Colina Av Boyaca Cra 72 #146 A 25Éxito  Salitre Cra 68 B # 40 A - 60 Éxito Unicentro Bogota Cra 15 # 123 - 30 Local 1 - 233";;;;;;;;;;;;;;;;;;;;;;;;;;;;;;;;;;;;;;;;;;;;;;;;;;;;;;;;;;;;;;;;;;;;;;;;;;;;;;;;;;;;;;;;;;;;;;;;;;;;;;;;;;;;;;;;;;;;;;;;;;;;;;;;;
Vinagre MIZKAN 355 ml;;;Éxito Unicentro Armenia Carrera 14  #  14 - 34   Centro Comercial Unicentro;"Éxito Barranquilla San Blas Cra 41 # 36 - 81 EsquinaÉxito Buenavista Barranquilla Cra 98 con Cra 52 EsquinaCedi Barranquilla Parque Industrial Malambo PIMSA, Km 3 Via Malambo";"Éxito Modelia Cr75 23 F-30 Éxito Country Calle 134 # 9-51Éxito Niza Cl 120 60-31Éxito Norte Calle 175 - 22 - 13Cedi Montevideo Bogota CR 68 D No 21 - 35Éxito San Martin Cra 7 # 32 - 84 LC 201 y 60Éxito Chapinero Calle 52 # 13 - 70Éxito Calle 80 Cra 59 A # 79-30Éxito Floresta Cr68 90-88 Éxito Gran Estacion Av La Esperanza # 62 - 49 Éxito Colina Av Boyaca Cra 72 #146 A 25Éxito  Salitre Cra 68 B # 40 A - 60 Éxito Unicentro Bogota Cra 15 # 123 - 30 Local 1 - 233";"Éxito Bucaramanga Cra 17 # 45 - 56 Éxito Oriental Bucaramanga Transversal - Oriental # 92 - 218";"Éxito La Flora Av 3 F Norte # 52 N 46Éxito San Fernando Calle 5 # 38 D 35 Éxito Unicali Centro Comercial Unicentro Local 244. Cra 100 # 5 - 169Éxito Chipichape Av 6 Norte # 38 - 47 Cedi Zona Cali CR 4 NORTE No 55-51";Éxito San Diego Cartagena Calle la Serrezuela # 10 - 85 San Diego;Éxito San Mateo Cucuta Avenida Demetrio Mendoza Diagonal Santander;"Éxito Envigado Cra 48 # 34 Sur 29Cedi Vegas Medellin CL 44 SUR No 48-90";Éxito Ibague Cra 5 # 80 - 60;"Éxito San Cancio Calle 66, Carrera 28 Esquina, Centro Comercial SanCancioÉxito Manizales Cra 20 # 34 - 18 Cento Comercial Fundadores";"Éxito Del Este Cra 25 # 3 - 01 Mall Del EsteÉxito Colombia Cra 66 # 49 01 Éxito Laureles Cra 81 # 37 - 100Éxito Poblado Calle 10 # 43 E  135Éxito Unicentro Medellin Cra 66 A # 34 A 25";"Éxito Alamedas Del Sinu Monteria Calle 48 Con Cra 13 y 14 Centro Comercial Alamedas Del SinuÉxito Monteria Cra 2 A # 35 - 43";Éxito San Pedro Neiva Cr8 A 38-42 ;Éxito Pasto Carrera 22 D # 2 - 57 Avenida Panamericana;"Éxito Parque Arboleda Éxito Pereira Cra 10 # 14 - 7 ";Éxito Sabaneta Cra 45 # 4  Sur - 57 ;Éxito Buenavista Santa Marta Calle 32 # 29 A 500;"Éxito Villavicencio Calle 7 A Av 40Éxito Unicentro Villavicencio Av 40 TV 33 Esquina ";;;"Olimpica Calle 84 CL 84 CR 67 ESQOlimpica Calle 98  CL 93 CR 46Olimpica Carrera 53  CR 53 No 82-77";;;"Olimpica Los Cristales CR 25 OESTE No 6 120Olimpica Tequendama CL 6A No 43-51";;;;;;;;;;;;;;;;;;;;;;;;;;;;;;;;;;;;;;;;;;;;;;;;;;;;;;;;;;;;;;;;;;;;;;;;;;;;;;;;;;;;;;;;;;;;;;;;;;;;;;;;;;;;